Pid,label
56783,6.481812
75638,7.047695
82051,6.8063197
381878,9.853704
382850,5.403885
384008,8.877449
384306,5.83009
386488,6.276264
388076,8.627907
400046,8.867832
400285,7.402311
400528,7.132096
400932,5.2298303
400996,9.458409
400999,6.968279
404164,5.9676166
405546,5.8921576
406005,9.13394
408911,7.0854297
415533,7.588389
415584,5.440036
416992,5.825709
420758,6.0324006
420807,6.623959
421018,5.423233
421628,7.4202943
421629,7.433044
421630,7.1316686
421916,7.508554
421917,7.1078176
422722,8.078926
424202,7.011103
424290,6.2848487
424376,8.050361
424955,4.7521815
425266,7.933517
425355,8.599187
425378,8.029882
425401,6.470729
426295,9.335093
426821,7.8456717
426896,9.776766
427009,5.416458
427676,4.8976984
428849,7.8262286
429129,7.729725
429220,6.9423547
430561,7.8709655
430706,5.593977
430849,7.3703995
430921,6.001831
430922,5.4244523
431301,6.9987926
432823,6.1904445
433401,8.649131
433829,6.284163
434896,7.8818545
434897,7.503682
434898,7.3364553
434899,7.116823
435069,7.1488442
435070,7.217564
435071,7.785102
435072,6.716182
435073,8.742641
435074,7.303224
435177,6.955871
435516,6.570807
436567,8.301063
437451,6.7903886
442587,9.132933
445183,6.562655
445184,5.734492
446021,6.461712
446023,6.401617
446596,5.1868596
446956,5.9410853
447670,6.3557167
447929,6.530173
448704,6.3167334
449522,9.752353
449616,7.381643
449687,8.7611265
449802,6.9218125
450377,6.677901
450378,6.741844
450617,7.3091106
450699,5.516293
450700,5.409783
450973,7.6408424
450974,7.547428
453711,8.391153
454430,8.955257
454431,11.082714
454547,6.08015
456043,8.08477
456254,6.544657
456437,7.0693226
459165,7.5048823
459622,8.011192
459636,10.885961
461622,6.568727
461680,7.6108685
466202,4.507333
466595,7.0841756
466704,6.602307
467022,8.185091
467287,7.057469
470424,8.922803
472330,7.724858
472331,7.320032
472332,7.342469
472333,7.4647455
472334,6.8894467
472335,7.3613806
472336,7.00519
472803,8.756519
474744,7.4590964
474745,6.8564677
478531,6.414309
478934,7.124348
478935,7.1530185
481152,5.5331025
481654,5.9600415
481666,6.2648783
481984,8.568319
483351,7.1734395
483352,7.513702
483353,7.791677
484165,4.030584
484167,4.472427
486468,6.152337
486786,9.9069
486791,7.5809417
488890,5.770977
488905,6.6098022
492248,8.644061
492298,9.474024
493852,6.06807
494103,6.3986516
494118,7.14614
494631,7.0781274
494868,8.255299
494944,5.8170924
495461,6.9481096
496307,8.080786
496454,6.09287
496455,7.1872096
498191,5.7321496
498772,9.577417
500022,7.6042886
500025,4.714256
501423,5.704648
501425,5.4375396
501478,7.18905
501480,5.7711377
501483,8.207859
501486,7.2162657
501488,5.833565
502201,5.831206
502370,8.293817
502496,8.6508665
502516,5.777591
502526,6.9939947
502550,8.288816
502598,5.047291
502611,6.8177886
502639,5.8723183
502640,4.9212255
502643,6.6228576
502644,6.128707
502645,5.627199
502647,4.412765
502648,5.771793
502668,5.555503
502672,5.016466
502673,4.8068156
502820,5.2989945
502821,5.1653085
502822,4.5573363
502823,4.9541063
503151,5.868312
503162,5.24311
503163,5.7639976
503167,5.567657
503171,5.499997
503173,5.451531
503200,5.031038
503205,5.131342
503209,6.9080424
503262,5.7103686
503346,4.7746434
503347,4.6287475
503348,4.984136
503349,5.6647606
504466,7.380343
505821,7.072782
505935,7.914081
505936,7.007925
505937,7.627698
505938,7.8800716
505939,8.485981
505940,7.504799
505941,8.438135
505942,7.6566463
505943,8.260354
505944,6.905599
505945,5.2452555
505946,8.310629
506141,7.193004
506577,6.5360246
506584,6.364242
506587,6.268296
506596,6.944335
506602,6.3187175
506887,6.1019225
506964,7.8398857
507037,6.6442485
509217,7.384054
509628,8.447872
509689,5.824251
510067,4.8450418
511953,5.698404
512045,7.124306
512046,7.1355004
512049,7.11733
512051,7.736617
512052,7.94696
512053,7.6510763
512054,8.180114
512055,6.195721
512056,8.211535
512057,8.105761
512058,5.873019
513733,7.8704762
515955,4.242538
516908,8.956069
517267,5.5452576
517270,6.3458714
517499,7.805596
517739,4.939188
518892,6.4081793
519285,11.420099
519618,6.066811
521481,5.0307536
522165,7.2935658
522166,8.512695
522167,7.67343
522168,7.4853787
525868,4.0190253
528676,6.6878996
528677,6.8956285
528678,7.646655
528679,6.3327413
528680,6.4259887
528681,5.4351654
528682,6.7695785
528683,6.1570263
528684,7.821126
528685,6.8040633
533426,5.339359
533835,5.7359476
534008,9.937039
534514,7.396781
534520,7.1746182
534527,7.518854
534530,7.655414
534691,5.915663
534938,7.480684
534941,7.1884723
534944,7.2332363
534976,7.4293337
535897,6.098851
536613,6.740338
537842,4.5462775
537983,6.8713727
538375,6.486858
538677,5.475046
538868,6.6159043
538869,7.939506
538882,8.244326
538883,8.33153
538886,8.683079
539839,8.078045
539900,6.0881305
539902,5.367645
540362,5.4883447
540835,4.9367256
541199,7.9531646
541253,8.444686
541254,8.242977
541255,8.36572
541432,5.554318
541809,8.817897
541814,8.35157
541822,8.686856
541823,8.385179
541824,8.464231
542106,7.5276375
542217,3.1402493
542231,6.6017537
542354,8.068247
542717,8.306068
542950,5.440127
542951,5.243517
542952,6.0084515
542953,5.360313
543492,5.8157325
543493,5.8034387
543494,5.038408
543495,4.865828
543496,5.692676
543497,6.104716
544190,6.942637
544290,5.8352265
544482,9.001394
544545,5.198774
544561,5.729311
544573,6.7240624
544615,8.31986
544642,7.776601
544752,5.7168226
544762,7.608303
544776,6.449804
544787,5.7715173
544790,8.095991
544802,7.1638174
544808,5.522731
544817,7.214353
544819,6.704671
544848,6.323197
545092,8.439955
545130,6.167601
546685,2.5340264
547613,4.148021
547935,5.07229
547936,6.6192136
547950,7.3139267
547953,5.8826838
547956,6.649849
547958,5.669986
547959,4.918825
547960,6.545063
547962,6.553974
547967,5.7608323
547968,6.8784537
547969,5.8072996
547970,7.146166
547974,6.24146
547975,6.892835
547994,5.9667163
547995,5.178855
548002,5.67717
548282,5.921971
548285,6.2001033
548302,6.337302
548305,7.1577616
548307,6.188471
548309,5.856984
548313,5.018804
548316,5.5063987
548789,7.026952
549363,7.6814637
549366,7.573504
549367,6.7159543
550913,6.4844084
550917,8.945478
555156,7.1788487
555354,5.514893
555597,6.5997353
555599,6.977989
555829,5.875592
555830,5.644907
555891,5.5360737
559308,11.087984
560042,6.88956
560389,7.0971065
561540,6.4643817
561547,8.283743
561671,6.442355
561673,6.8255935
562179,7.415871
564236,6.3855357
567234,6.401751
567235,6.478752
572953,6.390366
575602,8.080835
575864,8.08897
577409,5.970639
578258,7.043303
578999,6.138595
583956,4.951152
584854,6.584191
586785,6.4922624
590843,6.021591
590844,6.712722
590846,5.8291483
590847,6.862783
591693,6.014441
591697,6.5265794
591702,6.1200304
592817,6.8596487
592841,6.869579
592894,5.7343335
592927,7.228651
593132,6.578087
593381,5.407968
593459,7.7282076
593462,5.439686
593546,6.592335
593615,6.388856
593618,6.982106
593650,7.2901444
593670,5.886622
593711,5.7858443
593748,6.815659
593755,6.5269713
593758,5.899133
593760,5.785768
593804,5.8749685
593892,7.6659274
593916,5.511009
593980,5.848507
594060,6.7708282
594084,7.0723944
594382,5.4191217
594475,6.8197627
594702,6.1710734
594730,5.7476473
594859,5.9053416
594913,5.396133
594946,8.417306
594949,6.323294
595243,5.072029
595306,5.367786
595342,6.6997743
595412,5.1118636
595443,5.502829
595446,5.0746922
595461,5.5392833
595488,5.3245926
595569,6.7351556
595826,4.877542
595839,5.3792396
596150,5.659938
596446,4.963442
596478,5.0211835
596626,4.998856
596849,5.2215214
596898,6.390155
596975,5.459451
596976,5.5261307
596987,5.7065554
597057,5.1995463
597112,6.8126326
597129,4.687997
597279,5.3498263
597504,6.3577533
597507,5.765338
598100,6.42041
598270,4.8897166
598352,5.187466
598405,5.7206087
600390,6.643686
601905,7.5521116
604557,4.5919085
605046,6.20146
605256,5.9524336
606110,11.019269
606111,10.944012
606513,8.121562
607178,5.9316773
608831,7.65462
608833,7.5873675
608860,5.554943
608863,6.297011
608886,7.3638577
608909,5.135138
609706,6.724737
609709,7.399695
609716,7.27059
609780,6.580769
609799,5.1639853
610132,6.6995044
610135,6.881948
610136,6.4898515
610152,5.89413
610379,5.6417894
610536,6.669099
610773,5.9907327
610791,6.1438894
610793,6.2368097
610796,6.417714
610917,6.5837727
610920,5.665482
610923,6.4189916
611213,3.9106536
611409,6.9678025
611429,4.1704645
611622,7.3795958
611623,5.0176
611624,6.038506
611625,6.1232224
611626,5.6295853
611628,5.2825103
611629,5.774254
611887,6.852227
611892,5.023643
611899,4.225984
611902,3.8082838
611903,5.12862
612020,7.4235363
612226,5.786707
612227,5.854522
612228,6.061047
612362,8.863075
613587,6.356027
613589,6.5000663
613600,7.0241814
613610,5.5869765
613611,6.715569
613621,5.765955
613622,5.6294184
613625,5.5382113
613629,6.3187323
613632,7.3573084
613636,6.6735063
613637,5.5635495
613655,4.500015
613665,6.4671683
613671,6.396939
613672,5.9315324
613673,6.397165
613674,5.9187202
613682,6.4877553
613683,6.112919
613684,6.021035
613687,5.6064177
613689,5.8712873
613690,6.1434608
613691,5.835299
613697,6.3039713
613704,5.942395
613706,5.9066973
613709,5.939616
613726,4.598048
613735,6.5414577
613737,5.2137923
613740,5.1283503
613741,6.0791917
613743,5.0912185
613750,5.4822235
613757,4.4535108
613763,4.9956527
613765,4.456229
613884,5.2120614
613885,5.2128963
613886,4.668508
613891,5.328993
613893,5.1794696
613896,5.7916903
614090,6.754407
614096,6.6656775
614097,6.3842263
614099,5.8907228
614100,4.8283415
614101,6.8563194
614117,5.022074
614118,6.372561
614119,4.797297
614120,6.088132
614134,5.594943
614139,6.1352463
614143,5.2271104
614149,6.1407123
614165,5.9347796
614166,5.2619057
614168,5.9509115
614170,6.091933
614171,5.411814
614172,4.470165
614173,6.5569263
614235,5.5340166
614284,4.911053
614285,6.2289596
614288,4.463425
614310,4.528532
615467,5.6223316
615543,5.1059346
615943,4.8014193
616156,6.2336955
616257,6.202602
616258,5.5120187
617170,5.954714
617254,6.6061044
617261,4.443052
617662,5.4685597
618554,6.4055915
618618,5.50418
618643,6.618714
618692,5.70444
618720,6.501998
618793,7.728719
618834,7.4794664
618842,8.27783
618996,4.814965
619014,5.936109
619016,6.1514263
619023,6.2926335
619029,8.001767
619032,7.3394475
619168,5.4913335
619169,5.295432
619349,7.163387
619432,5.6361165
619453,5.0322223
619500,7.054118
619555,5.693784
619725,8.114779
619872,9.5086975
619987,9.570302
620174,8.09385
620273,7.4049215
620398,8.90058
620435,8.575624
620646,8.672328
620775,4.5021873
620802,3.731561
620810,4.111365
620811,4.1496606
620812,3.7875962
620902,7.8202577
621330,3.7904904
621652,5.3643355
622773,4.6904187
622832,6.3291764
623081,7.3201137
623085,8.994657
623087,7.871593
623207,6.7509527
623211,6.567618
623214,6.5598726
623216,6.309433
623217,6.690357
623239,7.1561446
624046,2.9976606
624378,6.321133
624393,5.586483
624525,6.7093906
624536,6.204763
624539,5.9607925
624584,4.5587387
624585,4.423102
624630,9.011171
624693,5.9475665
624695,5.842976
624700,6.306646
624701,4.7902155
624872,6.820714
624975,7.0575624
624977,6.2825456
624986,7.8845925
624989,5.5187564
625084,5.646468
625098,6.073403
625099,8.479239
625100,6.0757413
625102,6.5947647
625104,4.3859963
625106,7.185064
625207,6.7861724
625208,4.4899426
625222,4.341726
625254,7.737364
625257,7.371761
625258,7.264577
625259,6.499572
625261,6.832875
625262,5.7742443
625316,5.8389273
625317,6.8276806
625318,5.822705
625325,6.039186
625331,6.6210356
625332,7.0953894
625334,6.6764193
625339,7.0459876
625566,6.4838357
625820,5.4314823
625822,6.379872
626629,5.581134
626830,8.1890335
626831,7.3871117
626902,8.84936
627083,5.442505
627084,5.6007047
627189,8.627539
627326,8.383412
627328,7.9740744
627488,8.202154
627667,9.027454
627890,8.338748
627945,5.3157744
627946,4.9809813
627947,5.4108186
627968,6.8096204
628266,5.173007
628267,5.8666406
628525,6.0480905
628703,8.309586
628744,7.1909533
628807,8.209867
628809,6.3110027
628810,7.247432
628811,6.3469253
628813,7.0641103
628814,7.962747
628830,6.1670046
628838,6.911398
628906,6.3908257
628931,6.1096253
629189,5.69658
629193,6.845938
629194,6.61373
629195,6.232496
629200,6.4030595
629201,6.7949476
629202,6.07608
629208,7.929241
629214,6.5259
629218,7.3861175
629223,7.113452
629228,8.208597
629431,4.991143
629432,4.854074
629437,5.5893326
629438,5.2357044
629470,5.133993
629472,6.7335668
629572,4.181467
630705,6.7960873
630732,11.569165
632508,7.7558055
632509,7.9019876
632929,3.027103
633431,6.686973
633432,6.513146
633767,5.6767116
633803,5.664455
634296,9.337604
634297,8.947434
637111,7.360794
637112,3.8857098
639544,6.5633307
641160,6.7476897
642783,10.534357
643212,8.4227495
643216,9.977706
643218,9.26062
643226,9.517633
643231,9.291579
643419,8.484589
644315,8.440333
644316,9.549511
644389,8.31588
644883,7.257901
644887,7.0664887
648808,4.4398894
649087,6.9160767
652589,6.641178
653192,5.453007
653947,4.172651
653948,4.9971094
653949,5.2743397
653950,6.804874
653951,5.608944
655018,5.672365
656338,6.110714
662022,6.3334236
662819,7.822281
663038,6.313402
663152,6.138674
664598,8.20516
665566,7.0066404
666606,7.455401
666607,7.832992
666608,7.123147
666638,7.2937207
666725,7.665736
668244,4.9284043
668832,5.239904
668837,5.1986403
669236,8.019799
669237,7.0583463
669238,7.935289
669239,7.0850763
669240,7.454705
669241,7.338728
669549,6.574561
670072,7.130713
670075,6.499026
670526,6.288111
672472,4.8580194
672500,6.5195713
672755,5.3383727
672990,6.468322
673066,5.3674026
673204,6.3493342
673206,6.9278336
674673,4.198171
674952,5.8607106
676134,5.512206
676150,4.752968
676152,6.343476
676163,5.6875153
676165,5.06994
676168,6.605299
676172,6.2475314
676182,6.1430507
676183,6.6596394
676186,5.6231146
676192,5.2881384
678073,6.457942
678471,6.330057
679371,7.5140314
679436,8.1356
680474,5.3890038
680477,4.804926
680484,5.1112757
680489,5.574918
680492,5.8936276
680536,6.5236855
680540,5.6143274
680543,5.4799986
680544,4.9602213
680548,5.755585
680557,5.9427056
683606,5.1644454
683697,8.510811
685435,9.691008
685540,5.0207705
686338,4.8706326
687845,6.763355
687966,8.229352
689184,7.34794
689810,8.048
690139,7.1914773
690273,6.2954583
690274,5.7103124
690275,7.256624
690663,7.052992
690779,4.7712507
690780,6.950757
690848,5.8469067
690849,6.175231
690852,4.60988
692009,5.862982
692610,5.1783667
693317,5.904648
693962,11.785291
694018,6.4756036
695133,6.8994594
696461,5.84835
697343,5.0612226
697613,8.896656
697922,7.297322
698175,6.7403545
698177,6.5120287
698179,6.543964
699151,6.2789173
699527,9.694657
702271,6.525202
703481,4.948659
704116,4.5813594
704405,5.784751
705270,5.7588353
705788,7.7893424
705789,7.248154
705796,6.5916905
706280,6.4051757
706281,7.4157434
706282,7.066606
706283,6.7415433
706284,7.7961974
706285,6.7988887
706286,6.5422325
706287,6.7091956
706288,6.2723913
706291,6.417386
706292,7.2652125
706294,7.5364375
706423,7.7544084
706498,7.5276
706499,6.5026307
706500,6.484351
706501,6.9292746
706502,8.799747
706503,7.1504626
706504,6.5658755
706505,7.856641
706515,5.973745
706518,6.4294887
706522,6.2250185
706525,6.0752683
706526,7.455932
707002,7.807547
707004,6.140753
707005,6.1411295
707007,6.983049
707563,5.5383344
707950,6.2727695
707965,6.2456546
707967,6.268792
707968,6.228263
707976,5.936487
708687,8.576392
709064,6.5029564
709914,10.238671
710232,5.6978784
713073,8.724619
713512,4.947113
713623,4.705562
713624,4.638402
713839,7.0823016
715068,5.7208457
715554,5.579795
716118,6.068603
716516,5.826092
716711,5.11199
716714,6.020814
717868,8.795253
718476,4.696362
718574,5.911517
718588,7.1952386
718741,5.9750366
719186,6.198354
719314,10.385173
719449,6.6716638
719592,5.217729
719643,6.0280747
719654,5.3613615
719777,5.853136
720255,5.322515
720423,7.0633245
720681,4.779887
721083,4.8079658
721148,5.0395293
721280,5.3386674
721297,5.412511
721335,5.554624
721451,4.4221635
721653,7.801398
721662,7.5986543
721675,6.435623
721678,8.73058
721713,9.194066
721723,5.572049
721735,8.314712
721743,9.244466
721782,6.727303
721783,8.309293
721840,6.8523107
721859,9.158067
721862,8.580265
721865,8.745223
721880,9.480289
721893,8.808508
721894,10.247835
721895,5.1110673
721898,8.129363
721914,8.419193
721929,6.3113966
721932,8.195548
721933,7.529945
721934,6.298393
721967,6.8695865
721991,6.8556833
721993,10.577133
721995,8.789432
721998,8.922442
722044,7.2402678
722045,4.929197
722071,6.055304
722086,5.726088
722111,5.301772
722125,8.466872
722235,8.166948
722274,5.120742
722295,5.3117614
722404,5.8816323
722467,5.243719
722475,5.2371035
722495,4.891036
722501,5.612804
722557,5.6111617
722578,5.177743
722581,5.156924
722590,5.162412
722631,5.29901
722637,9.603592
722762,7.1383395
722812,8.887948
722817,8.385001
722838,8.921428
722841,7.8669553
722849,8.657484
722850,8.9653635
722852,9.90937
722857,8.621282
722915,8.22594
722969,7.186655
722972,7.9868994
722976,7.512766
722986,6.768898
723703,4.9299073
723704,5.5731463
723708,5.376913
723714,6.3456564
723715,5.911708
723781,5.036714
725911,6.9648004
725938,7.1171007
725974,4.5303164
725975,5.07944
725976,5.239163
729331,7.1550784
729531,7.1688685
730308,4.499687
730309,4.3102403
730310,4.3060336
730311,4.8793707
730312,4.9941487
730313,4.492188
730711,4.771106
731850,6.7560134
731856,6.1978817
731984,4.9699864
731991,5.3154516
732297,5.3211937
732416,4.683408
732460,6.437279
732528,8.041933
733096,6.795206
733332,7.9677935
733781,8.039405
733998,6.758548
734064,6.1825986
734097,4.8536086
734101,4.812581
734103,5.1892815
734105,6.4450984
734285,9.426738
734363,6.3851185
734412,4.4238143
734955,5.41605
735893,7.748216
735898,6.9845634
736225,5.6565123
736226,5.809412
736236,5.8931136
736239,5.774675
736245,5.666076
736248,6.5751486
736251,5.647956
736252,6.3590035
736254,6.865382
736273,5.5943494
736313,6.2569633
736321,7.0986395
736322,6.851055
736324,6.497254
736337,4.352913
736338,4.4212437
736340,5.7380056
736342,4.328212
736344,6.3316092
736345,4.9297333
736346,6.280095
736352,4.8186836
736353,5.47482
736408,8.172735
736465,4.855259
736469,5.1204042
736470,4.80328
736473,4.6119967
736477,8.466771
736507,4.939879
736552,8.935987
736571,9.869783
736633,10.066468
736652,8.018502
736673,10.040195
736843,9.34604
736906,9.082827
736994,8.773621
737021,6.975563
737048,9.231891
737282,9.714462
737361,10.17627
737569,10.384878
737570,10.308351
737571,9.811984
738070,5.131005
738108,5.3736815
738872,6.6177583
739913,6.036335
740120,7.315757
741188,4.768386
741203,5.38774
741287,5.893419
741511,8.713761
741514,7.746455
741745,7.8942037
741752,6.6499767
741757,6.6219993
741759,6.7158113
741760,6.880454
741763,7.0538425
741896,7.3247695
741898,7.3367558
742111,4.898947
742123,7.208203
742196,7.880005
742201,5.2798133
742202,4.968184
742204,5.9590015
742209,7.8012404
742549,8.73757
742591,8.61005
742715,6.9113255
742852,8.627996
743062,9.57691
743354,4.0848475
743355,5.4811416
744064,4.890294
744331,7.1144547
744332,6.9798017
746323,8.6242695
746447,6.547402
746448,6.8608046
746451,6.8603325
746452,6.3673496
746467,7.2997446
746468,7.051281
746469,6.218324
746471,6.9477205
746618,5.228527
746667,8.238066
746671,7.2611513
747561,9.206753
748334,5.826527
748335,5.3904853
748338,6.511628
748391,5.2501197
748393,5.049919
748394,6.941269
748395,5.8484197
748396,4.0393033
748397,5.342154
748469,5.552626
748471,5.3412695
748472,5.8023
748473,6.35441
748475,5.0874763
748479,5.856821
748484,6.526502
748485,5.091573
748490,5.790739
748587,7.730136
748639,6.9163365
748646,8.092546
748647,6.3559923
748648,6.412742
748662,7.1778493
749044,4.9694095
749195,6.9415793
749199,7.1884785
749200,5.8838925
749201,5.537609
749211,6.554431
750273,6.3918314
750836,7.5429206
751342,7.824397
751343,6.0671043
751344,6.9814157
751345,5.327877
751346,8.272073
751347,6.1666417
751426,6.225222
752279,8.835007
752552,6.3310366
752632,6.7002134
752634,7.7912984
752636,7.2495103
752637,9.0733185
752639,8.321805
752640,7.559181
752642,8.941477
752644,6.268861
752646,7.3819823
752748,7.8787866
752751,8.111884
752753,8.316785
753311,7.3530564
753419,5.8752427
753425,6.093925
753432,6.3488617
753433,6.062795
753440,6.2355537
753445,6.2725587
753449,6.2314167
754001,5.3481436
754002,5.750938
754145,7.3750377
754261,7.51697
754781,5.186843
754782,4.9652257
754973,7.262827
755797,7.5778236
756154,8.423041
756207,6.0616746
756788,7.3845115
756871,7.028808
756946,7.193551
757300,7.4477644
758524,3.5428984
759673,8.334871
759874,8.455787
760247,5.9352837
760459,3.4765677
761244,5.3628426
761515,7.908569
761558,5.468854
761560,4.876366
761564,4.95861
762651,5.2415934
762655,5.727388
762658,4.5042424
762659,4.363529
762660,4.725535
762755,7.798228
763750,6.50856
764130,7.2012286
764183,6.2710257
764284,9.806937
764371,4.6186643
764372,4.5448036
764426,7.1999154
765042,8.948787
765052,8.313781
765266,4.265591
765422,5.9324083
765647,7.186786
766331,5.5619435
766424,7.1242046
766464,5.8456182
767212,6.0834193
767213,6.664019
767217,5.4059687
768413,4.3808823
768414,5.6388855
768415,5.068974
768644,6.3122344
768956,7.4649563
769075,7.710467
769561,7.092867
769595,8.100235
769705,7.405652
769814,5.0060315
770018,6.4241095
770306,7.587807
772004,4.8657036
772090,5.325762
772093,6.296775
772135,7.8509865
773712,6.5219603
774041,10.384838
774463,6.143229
774475,6.387199
774477,5.7362967
774478,6.347846
774488,5.305766
774491,6.6131997
774492,5.6987557
774493,6.5532346
775004,7.316692
775008,7.2869287
775014,7.178039
777718,7.159493
778396,6.1708984
778397,6.9796205
778594,4.2277904
778824,5.208183
778826,4.1660895
779561,6.7433
782125,10.00639
782130,9.389364
782136,9.203454
782308,9.067485
782459,7.456522
782476,7.549378
783702,5.760579
784752,7.8070755
785496,5.8609533
785542,5.195281
785995,5.023706
786938,5.38337
787250,4.7143292
788675,5.3483105
788678,4.4889126
788679,4.4947305
788921,7.374215
788970,7.851522
789238,6.6656137
789247,5.198828
789518,7.7155113
790671,5.6714063
790855,6.8809547
791032,6.918888
791444,6.713078
791469,7.915689
791650,4.900502
791651,4.760499
791655,6.57749
791726,5.9065075
792908,5.8469763
793765,5.462466
794392,6.8482695
794393,7.593456
794493,4.524187
794560,6.961225
794658,8.4466305
794754,7.6712384
794794,5.39942
794925,7.2130475
794984,7.5853715
795101,7.1295185
795161,4.956319
795222,5.6580677
795362,5.784996
796111,4.145183
796483,8.48539
796932,6.826251
797041,6.746705
797102,8.16658
797217,7.5542417
797519,6.4150605
797668,4.7467175
797713,8.374049
797729,12.073746
798138,6.157771
798368,4.3512053
798575,5.2239356
798576,6.371729
798587,6.1587305
798988,7.0955334
799208,6.3852053
799212,6.231038
799283,6.511583
801719,9.110981
802222,6.2516956
802238,5.4739685
802239,4.8575807
802240,4.451889
802312,5.894548
802313,5.703941
802314,5.9295034
802437,6.0017467
802840,4.249509
802952,6.126251
802953,5.9777493
802954,6.1713834
803107,4.7321467
804041,5.381038
804164,5.8332815
804168,8.905386
804807,7.253001
804813,7.5765576
804818,5.0253344
804821,8.963714
804823,10.074143
804825,8.108328
805325,5.3120656
805935,7.6324496
805943,8.095768
806525,5.302603
806638,7.6649423
806969,7.9472375
807126,7.9185185
807588,9.491994
807897,10.780319
807957,9.402499
808083,6.613452
808541,6.7217193
808568,7.6433697
808742,9.616067
808757,10.47324
809043,6.038163
809375,4.82416
809377,4.975176
809380,5.7652535
809383,5.6072
809384,5.360893
809385,5.5390544
809387,5.9029183
809389,6.0186834
809390,6.2866054
809393,5.471818
809395,6.530914
809398,5.8351
809399,4.7312784
809400,5.0090537
809401,5.0515785
809403,6.854942
810232,6.466346
810906,5.8567615
810919,5.086545
810944,8.439027
810972,7.173451
811068,5.503435
811216,7.3845944
811236,7.5677934
811281,8.662071
811290,6.8480105
811423,5.467292
811757,3.9803667
811758,4.652162
811759,6.330438
812143,7.2416306
812146,6.8050556
812414,6.628086
812421,4.4260473
812425,4.20273
813662,8.44146
813718,8.004144
813889,6.5634975
814487,5.473381
814513,5.795384
814516,6.077083
814661,5.441954
814662,6.409204
814663,6.244848
814664,5.844479
814665,5.5510283
814666,5.7429714
814668,6.009407
814676,7.114018
814678,6.4459014
814679,6.116639
814680,6.494851
814681,6.100762
814682,6.4087157
814683,7.0265245
814685,6.7668495
814693,7.570387
814701,6.661825
814705,9.737585
814706,6.303355
814707,6.222241
814708,7.0591536
814726,6.625038
814727,6.967277
814728,7.0084467
814782,4.986505
814800,6.7619257
814802,7.031533
814803,7.9025702
814805,6.9125853
814810,8.437956
814811,7.7154827
814813,7.741972
814816,7.2542334
814817,8.435193
814820,5.8597255
814821,6.545339
814822,6.6053987
814823,6.107921
814861,7.793299
814864,7.691063
814865,8.469939
814866,7.0006523
814870,7.9603105
814871,6.9381394
814872,8.221616
814873,6.6960573
814874,7.390103
814875,6.798502
814918,6.952703
814919,6.65378
814920,7.6328044
814922,6.6130896
814924,7.8688774
814926,6.4338455
814928,6.794851
814946,8.634282
814947,8.593168
814949,9.59612
814950,8.691276
815157,5.8277
815815,6.532485
815951,5.9111753
815952,6.0495734
815964,6.405359
815968,5.6027412
815969,6.8443546
815972,7.1611395
815986,6.828965
815996,6.384745
815997,6.734805
816000,6.5575294
816001,6.2614813
816003,7.0021386
816005,7.4730186
816006,6.2561936
816066,6.538557
816177,8.447178
816178,6.9613476
816179,7.4815636
816180,8.721315
816181,7.52334
816182,7.147695
816215,7.701614
816217,8.096861
816220,7.647125
816223,9.633202
816224,8.4294
816226,7.6756334
816228,8.734922
816393,8.033025
817062,7.354134
817227,9.199459
818164,2.3849025
819187,10.849968
819756,2.2198243
819937,2.1306992
820234,9.973542
820260,9.101813
820289,10.763848
820429,7.339206
820863,9.18898
821204,6.15435
821238,6.9858465
821783,8.656018
821789,8.501498
821792,7.449836
821794,9.208048
821936,5.5620303
822118,6.1356177
822611,3.9001665
822675,8.047077
822697,8.683459
822713,6.8750415
822905,8.206771
823466,4.685645
823835,5.0647435
823838,5.1668806
823878,5.699373
823880,5.2055826
823890,5.53951
823964,5.190925
823967,6.04427
823983,4.7321935
823996,5.3771176
823999,5.154958
824000,5.164079
824034,6.2345395
824036,6.1601915
824054,6.283291
824058,6.454626
824503,6.0206943
824507,6.4049764
824512,6.238292
824522,6.2715163
824528,5.0313544
824531,5.2255006
824532,5.9555984
824537,5.6994033
824588,5.0598803
824591,5.1581063
824598,5.9712195
824600,5.6108794
824602,5.1301026
824606,5.9255786
824609,5.4963064
824623,5.295561
824627,5.536732
824643,6.5104237
824646,6.388731
824720,3.6289635
824721,4.11074
824723,4.0380635
824725,3.900538
824763,6.027587
824803,7.164292
824810,6.099931
824817,8.690821
824840,7.5517645
824843,7.3823104
824846,5.8109937
824858,6.6867504
824866,5.9222302
824872,6.08858
824875,5.465053
824893,5.24431
824929,5.999984
824931,6.0521574
824937,5.94463
824938,5.3873386
824942,5.562464
825029,6.9989367
825032,7.0072646
825061,9.6012535
825345,6.0180144
825347,6.357372
825369,6.771593
825370,5.1286254
825715,5.242246
825773,5.198976
825800,5.6982627
825802,6.00786
825815,6.102191
825841,6.7559214
825846,5.461453
825850,6.8653593
825852,5.2158866
826028,7.7603993
826230,5.058649
826469,6.549625
826472,5.6103044
826481,8.57966
826511,5.4436893
826547,5.844367
826926,8.25034
827011,6.966585
827216,5.7390356
827221,5.2949495
827269,7.283131
827820,6.156654
827838,6.5432415
827890,7.1293893
827983,5.4106245
827994,7.221599
828046,6.7837176
828089,5.5852585
828345,6.998625
828348,5.6808977
828352,5.90076
828492,6.1433396
828503,5.6002693
828529,6.3710966
828602,8.36195
828766,8.03816
828862,5.35896
828983,6.898132
829352,5.92758
829496,6.95497
829577,5.882125
829769,6.8965473
830000,6.4239216
830055,6.3365555
830113,7.5531707
830363,6.594674
830425,6.8332915
830432,7.952768
830437,5.4262567
830451,7.4331656
830471,7.397745
830486,7.3012915
830684,6.928363
830766,7.262468
830769,7.4783616
831079,6.9069
831352,5.7937026
831420,6.315199
831678,6.6949286
831770,6.308378
831845,6.2503815
831862,6.212431
832145,7.7400374
832185,6.4182725
832195,6.753371
832215,5.976874
832225,7.506121
832246,6.4246902
832253,6.72464
832294,5.039077
832681,5.329825
832779,4.578217
832784,7.098686
832829,5.388857
832937,6.5133705
832953,5.2204223
832959,10.07774
832965,8.265902
833109,8.511151
833277,6.729294
833312,7.189941
833342,5.8371124
833434,5.8382034
833689,6.216586
833728,5.862552
833958,5.0087843
834090,5.3423204
834103,8.440193
834123,7.40808
834192,6.574921
834365,6.915466
834420,5.2902336
834435,6.805177
834563,5.1105595
834641,5.4947605
834679,4.8336368
834744,5.2106376
834813,7.1953797
834861,7.161673
834898,6.1432343
835044,5.0349507
835056,5.2217784
835100,5.140532
835128,6.2064333
835205,4.924103
835213,4.7270846
835214,4.091639
835216,4.5118303
835666,6.798622
835759,8.565683
835895,3.2310002
835905,3.4629214
835977,7.115553
836027,3.6571221
836036,3.160048
836040,3.4578357
836046,4.3688827
836095,7.73578
836096,7.2276325
836244,3.2885084
836293,3.2734737
836303,3.9287038
836343,3.1728199
836485,6.346405
836488,6.0484405
836496,7.83952
836715,7.095164
836716,6.575767
836717,6.5782566
836718,7.334222
836719,7.1498404
836720,7.4907594
837108,6.878047
837112,5.8886333
837118,6.3263884
837120,6.5162463
837197,8.042961
837348,4.8262534
837410,8.841307
837541,5.9219165
837613,6.9126515
837793,4.1156015
837798,3.161884
837818,6.787288
837819,10.793375
837859,3.7686603
837906,2.9107099
837962,4.1627717
838145,6.00415
838404,6.630511
838798,7.3517437
838834,7.4452505
839166,7.6500525
839308,7.1877556
839317,7.024136
839384,7.7457857
839403,4.6066294
839404,4.683814
839405,4.692471
839437,4.488928
839439,6.1025944
839440,5.7416806
839441,4.9096694
839477,4.977018
840042,5.6331096
840059,6.8438263
840067,5.9348307
840069,6.8294687
840248,5.125741
840362,6.5998344
840363,6.342524
840365,6.703413
840372,6.103925
840753,4.7665305
840754,4.86223
840755,5.304807
840756,5.687107
840757,4.4854913
840826,6.5843277
840828,5.928667
840829,6.276702
840830,4.744469
840831,6.277246
840832,6.198383
841350,4.638947
841351,5.107699
841352,5.496306
841372,4.7425094
841373,4.981386
841379,5.917608
841386,4.7464967
841387,5.4207926
841390,4.9774694
841393,5.038142
841396,4.8091326
841398,4.8262115
841408,4.886307
841412,4.7522144
841430,5.456341
841431,5.2157097
841433,5.4945493
841435,6.1798296
841554,6.657664
841666,6.2831435
842179,6.2392974
842215,8.013037
842255,5.927565
842670,5.3912272
843313,4.2663927
843323,4.009029
843562,5.344071
843995,6.687872
844014,5.617413
844039,7.69455
844109,9.8561535
844281,10.3288965
844303,4.5386987
844336,9.3220625
844477,9.369421
845849,3.3256347
845854,5.478479
845861,3.0850172
845863,3.758694
845876,4.094008
846486,4.555665
846488,4.4411902
846798,9.322437
846811,7.7830095
847317,5.5619617
847708,5.000774
847712,8.522141
847778,3.9930353
847782,4.3550963
847788,6.609769
848238,4.4024076
848870,5.7247925
848960,6.0824084
849044,6.009504
849404,7.8534427
849449,7.157626
849556,4.8400025
849602,5.6695833
849753,5.734281
849755,5.7057743
849945,7.9674225
850004,5.0010943
850005,4.9003935
850536,7.1916037
850585,5.33191
850768,5.0975647
850769,4.9870853
850770,4.7368135
850927,6.21843
850930,5.8635297
851033,5.9829044
851231,7.2741814
851235,8.03296
851320,5.9367695
851500,7.0516944
851907,8.248473
852605,6.7079835
852733,4.891708
852736,4.783302
852957,6.309006
853042,7.26164
853630,5.782765
853984,6.217201
854052,4.0924764
854057,3.6570194
854058,6.50613
854141,6.904747
854618,8.044175
854884,5.5580673
855015,5.8128495
855035,7.148926
855040,6.2341137
855043,7.628009
855048,6.398059
855217,5.6916633
855317,9.640738
855752,5.930642
855944,8.121172
855999,5.0683675
856008,5.92981
856054,7.0695353
856156,5.9220896
856186,4.6933727
856382,7.7772794
856455,5.053765
856638,5.0343585
856660,4.9776516
856662,6.040067
856840,5.8637075
856843,6.439021
856844,6.2432046
856845,6.8336463
856851,5.9130344
856865,7.170022
856891,6.877537
856970,6.4699607
857090,6.5202565
857197,7.011038
857345,6.3617415
857400,5.99902
857487,6.3578124
857741,5.808573
858011,6.3079586
858028,6.0373306
858226,6.036085
858584,7.3350487
858655,7.3225455
858678,6.63083
858737,5.590405
859099,5.201908
859143,6.588368
859219,5.939529
859220,6.271623
859222,4.653904
859223,6.2011714
859263,5.172695
859265,6.0945764
859268,5.6924605
859272,4.7382817
859274,5.5613675
859278,5.5687084
859325,6.2003784
859331,5.5605555
859335,6.3144045
859348,5.1095085
859352,6.126873
859353,4.4971833
859355,4.6193275
859357,4.3895235
859358,5.5670443
859437,6.1828933
859503,5.788303
859521,6.07641
859713,5.1062016
859763,5.3333006
859769,5.197446
860123,4.998714
860196,5.3504114
860461,4.4427147
860462,4.825572
860537,5.1238217
860719,5.44713
860745,6.7285037
860998,5.262441
861067,6.055751
861133,5.2177453
861305,5.1685867
861657,5.395779
862088,5.0959816
862114,4.927571
862218,5.774799
862220,5.438527
862221,7.3825283
862223,5.7821784
862226,4.797235
862230,5.957947
862231,6.5906925
862277,5.936955
863692,5.730185
863760,8.478109
863765,7.574859
863771,8.003648
863798,8.154712
863799,6.5086794
863811,7.918157
863821,7.9098096
863825,9.141229
863874,8.850013
864803,6.555161
865148,7.071608
865155,6.5170727
865222,7.915241
865231,5.884253
865235,8.927225
865240,8.893734
865242,7.5960836
865503,6.169485
865789,3.5372295
866011,6.019821
866701,6.017704
866969,7.782143
866973,7.614655
868196,5.9796576
868362,7.7375007
868707,7.0675225
868708,5.469446
869141,6.231314
869143,7.413649
869676,4.6948605
869678,5.683868
869683,6.7195587
869727,7.8105903
869996,4.309572
870001,4.098405
870568,9.17613
870593,8.506434
872043,9.355984
872599,5.8730483
872600,5.9418435
872601,6.1701055
872602,5.6866827
872603,4.967909
872604,5.059848
873248,4.6630535
873368,4.9176836
873369,4.640759
873370,5.8723717
873371,4.5812116
873963,3.891542
874480,9.426935
875171,6.96672
875281,4.8185987
875282,5.02713
875287,5.420391
877352,7.4320803
877824,6.8003616
878541,6.0866947
878857,5.3025603
880080,6.4851346
880082,7.8246913
880083,7.346022
880087,8.002005
880088,4.876197
880089,6.1229477
880090,6.501396
880091,5.9042845
880179,5.544722
880206,5.98019
880310,6.219528
880311,6.7401223
880431,5.144857
880436,4.2735868
880467,5.417445
880613,7.2088814
881004,6.6924667
881537,7.0566053
881578,6.9527116
881770,6.579188
881772,6.8132653
881825,5.374293
881869,6.0862203
881880,5.6516485
881883,5.8240585
881894,4.6731353
881897,5.2513022
881926,4.270267
882145,4.738613
882867,6.090392
883852,5.7804837
883904,7.120218
884587,6.631844
884900,8.318429
884952,8.053742
885361,7.660109
885434,5.188954
885442,7.1004763
885565,5.091485
885572,5.31802
885587,5.7408757
885596,5.780143
885637,5.395762
885695,6.79608
885736,6.4474
885748,5.831758
885888,8.188816
886006,7.6016817
886212,6.068114
886232,5.332874
886422,5.886459
886484,5.1148357
886541,5.2091713
886746,7.0129294
886981,4.7754707
886985,4.773824
886990,4.0819926
887015,4.4133177
887054,5.041839
887107,6.0467052
887165,6.9087005
887220,6.1535215
887653,5.250013
887673,4.924139
887738,5.1461062
887956,4.47394
887960,5.1711864
888010,4.786146
888022,4.4084272
888073,5.7192273
888198,6.1816664
888207,6.4239845
888217,7.6228185
888235,5.437953
888264,5.631409
888310,5.710522
888333,5.4495583
888393,5.479651
888520,4.981181
888926,5.076799
888968,4.909483
888983,7.211753
888989,6.2431335
889026,5.8786006
889071,5.0889907
889090,5.316806
889128,5.9476566
889196,5.379395
889202,6.288802
889207,5.363467
889262,5.742617
889279,5.8085136
889378,6.109308
889382,5.659178
889413,5.3717313
889443,7.3426695
889772,5.5304074
890021,6.217506
890246,7.1041856
890252,6.966095
890588,5.2294264
890590,5.220957
890593,6.0149236
890594,6.905707
890600,6.6683736
890601,6.4708776
890621,6.883136
891138,8.504492
891149,6.3386974
891589,8.640394
891737,6.6658864
892467,7.611268
892480,4.04473
892481,3.8861203
892482,4.54959
892488,8.544833
894021,5.774651
894335,6.0408907
895200,5.233403
895543,6.5894427
895813,5.538131
896771,6.212079
896773,6.817764
896777,7.0066657
896778,6.5352807
896842,8.596719
897204,8.118785
897209,7.745297
897213,8.323254
897218,7.663735
897221,7.7671003
897224,7.802088
897230,7.533283
897233,9.178934
897234,8.24179
897237,8.561706
897678,8.004904
898202,6.863781
898619,8.287976
898620,7.1175847
898621,6.009408
899194,6.609184
899666,10.9186735
899715,9.118578
899721,7.5983763
899822,7.600708
899823,5.6681
899824,6.0778766
899826,7.146146
899827,6.856118
899828,6.5519743
899829,6.135798
899830,5.863578
899831,6.7370224
899832,6.6463857
899835,6.580134
899836,6.9059525
899837,6.6671047
899838,6.438932
899839,7.794805
899841,6.4149995
899842,6.1647296
899843,7.2058563
899844,6.9016986
899845,6.6961813
899847,7.29718
899848,6.064922
899849,6.164471
899852,7.1725955
899854,7.5240383
899856,5.9606004
899857,5.671112
899859,5.6345263
899870,9.016437
899871,7.905022
899873,8.798944
899876,7.171298
900105,5.7677603
900175,6.1733346
900274,6.350489
900292,6.0798125
900293,5.4753914
900294,6.063341
901443,7.681987
901796,5.805648
901983,2.8735557
901989,3.569105
902019,3.3643668
902022,3.8101115
902206,4.50988
904379,7.2996163
904416,8.07107
904420,7.576541
904423,8.763689
904675,6.2897425
904925,6.5067954
905017,9.208897
905018,8.997357
905024,7.542797
905026,8.109212
905343,8.219729
905913,7.3199487
906104,4.408403
906107,6.284679
906456,6.7048984
906457,6.1243415
906458,5.1763597
906673,4.945124
906674,5.56894
906675,5.713448
906678,4.727171
907668,7.6971555
907818,9.43038
907833,10.352002
907838,8.966045
907852,9.0206995
907919,6.4133825
908264,7.212137
908495,5.116258
908511,4.9826326
908512,4.9121647
908513,5.903414
908514,5.4604025
908555,4.622219
908557,5.3692226
908561,6.587848
908562,5.201685
908567,5.8900833
908580,4.653914
908582,5.1385617
908583,5.663479
908584,6.4121227
908962,6.857712
908966,6.746249
908968,6.110158
908970,6.0078773
908971,5.8259306
908972,6.349211
908974,6.877675
908976,6.8833795
908984,6.0258017
908987,6.7520604
909237,6.230432
909761,6.654749
910460,8.089591
910507,5.9529552
910548,6.1069307
910550,6.719945
910610,7.474191
910618,6.8604736
910619,5.800692
910620,5.896335
910653,6.821775
910898,6.225646
911499,5.6433268
911537,6.5465393
911622,6.6541576
911735,6.7942505
911943,5.1667523
911968,5.4241333
912047,5.101205
912054,5.6401196
912389,4.665578
912630,4.530313
912679,5.4678373
913005,4.815662
913051,5.03924
913100,5.28901
913126,6.0051255
913171,5.0415277
913313,5.4289203
913398,6.3547225
913402,6.2829933
913545,5.2864094
913731,7.510062
913980,7.920728
914123,5.373725
914169,4.921471
914204,4.87631
914541,4.70144
914584,5.4503675
914587,5.103143
914757,6.5704217
914905,8.112444
914916,8.967884
915047,6.3269606
915291,5.964409
915608,7.777927
915761,5.6954737
915783,6.101488
915802,5.3075047
915814,6.059891
915847,9.29406
915903,5.356493
916741,8.006998
916785,8.747638
917075,8.8877325
917159,7.0267897
917161,6.9289927
917164,7.0156264
917166,7.423986
917167,6.74443
917168,6.364216
917170,7.0567384
917171,5.2959704
917172,6.859612
917173,6.557337
917174,7.24223
917352,8.785917
917366,7.699378
917840,5.9892855
917843,6.537164
917844,6.6914635
917846,6.9093432
917847,6.3850474
917848,7.267142
917849,6.0020523
917851,5.5571227
917852,6.3259516
917853,6.491123
917855,7.135346
918175,3.8039887
918245,6.5262733
918459,6.0365343
918461,6.5126915
920518,6.462778
920519,6.0890837
920635,4.7424345
920636,5.0724807
920730,6.216278
920840,5.875648
920869,7.1228123
920989,7.200037
920991,6.5003157
920995,7.2739925
921030,7.279798
921046,5.6962867
921047,5.3119564
921048,5.8662953
921247,7.912581
921253,7.9226403
921254,8.417147
921257,7.7826705
921258,7.2929854
921967,6.349159
922824,8.2397
922989,5.1045785
923066,4.735217
923137,5.3478494
923138,6.374737
923139,5.557208
923141,6.1000957
923143,6.816554
923144,5.965735
923147,3.92817
923148,5.7884
923228,9.336008
923254,5.316562
923255,7.266243
923256,6.037338
923281,10.494071
923286,8.395072
923296,9.447466
923341,5.329963
923432,4.8849835
923433,5.493227
923434,5.507994
923435,6.804702
923436,6.4146943
923437,6.4979343
923438,5.9344106
923440,6.291427
923441,7.227299
923442,6.40762
923443,6.6233587
923444,7.0747886
923445,6.010789
923446,4.3150945
923447,6.7893276
923448,5.420048
923449,6.009066
923450,5.473575
923451,8.245893
923452,6.74644
923651,6.216794
924004,6.875272
924302,6.362817
924312,5.11431
924352,7.7592945
924450,6.193526
924936,5.951798
925939,5.9955473
926148,4.7613792
926170,7.341893
926174,4.515857
926181,7.821265
926211,5.6707506
926382,4.7851644
926578,7.2559805
926642,5.25666
926644,7.6953573
926719,10.189379
926758,7.2973056
926770,11.303448
926775,7.37698
926778,8.782401
926781,8.971627
926793,8.40171
926797,8.719953
926798,8.866426
926800,10.108553
926801,10.520815
926802,8.798359
926825,9.337545
926835,9.750716
926836,8.726698
926837,8.801598
926838,9.553814
926841,8.957791
926853,8.145275
926876,7.313492
926878,7.718102
926889,9.450687
926897,7.7539654
926898,7.1689186
926899,8.248781
926904,10.142725
926906,9.454235
926913,9.525667
926933,10.920638
926938,7.1822715
926940,9.98595
926945,8.049406
926952,9.926939
926954,7.7508674
926956,9.377803
926958,7.9252696
926960,8.315098
927237,6.1888723
927262,10.269812
927263,10.335093
927264,10.241761
927318,4.120841
927323,9.358919
927326,9.835702
927328,10.265672
927332,10.567658
927337,9.833011
927340,8.275454
927364,8.579814
927368,8.250588
927386,8.37327
927395,9.661301
927460,9.850949
927463,10.303212
927490,8.963078
927513,6.510354
927526,9.167736
927528,8.921749
927529,8.207334
927537,7.2448773
927772,6.828008
928443,9.14183
928635,5.224875
928672,8.2376995
928694,5.500239
928699,5.328205
928701,5.6733546
928707,6.8851237
929246,5.511231
929249,6.692395
929250,5.649999
929251,5.1085887
929257,5.699308
929258,7.3240285
929261,6.2185235
929273,5.940904
929274,6.192954
929276,4.9980826
929312,4.744989
929319,6.4319263
929325,4.6235228
929326,6.2571325
929336,4.955343
929338,5.6292243
929340,5.881781
929342,4.669363
929353,5.249697
929354,6.5383954
929356,5.177538
929357,6.2968163
929447,5.2319307
929448,4.8057046
929449,4.63671
929451,6.095674
929453,5.916442
929512,8.674848
929600,7.6363597
929625,5.805492
929631,7.45086
929664,5.247742
929939,5.6581054
929964,6.153128
929965,6.1645584
929966,5.8095236
929967,6.7178254
929968,5.8763127
929969,7.2520933
929971,6.716316
929973,6.7850943
929974,5.891649
930139,6.9324584
930208,8.145053
930356,6.0441327
930478,5.6076508
930497,6.5847
930505,6.92574
930569,7.5744786
930593,5.537588
930818,6.582373
930829,6.437302
930830,6.3215947
930831,7.3215504
930832,6.2820845
930833,5.5345707
930834,5.4701667
931225,5.7269545
931302,5.812382
931546,6.781891
931548,6.683314
931550,8.722013
931551,6.875611
931617,5.2535925
931647,8.246192
931795,6.4529767
931878,7.109852
931879,6.5435348
932092,4.570846
932440,7.2526846
932729,5.273242
932925,6.570394
933094,7.5032997
933658,6.1538386
933775,5.9331174
933777,6.7111716
933933,6.813126
933949,6.8465753
934009,4.89498
934072,8.26529
934365,6.0116334
934368,5.9366984
934372,6.5587597
934397,6.480804
934412,4.7960086
934431,5.234258
934448,6.0517144
934764,7.1298475
934952,8.507468
934984,5.8554363
935037,9.168009
935305,5.7069907
935638,7.3293347
935640,5.95179
935658,7.2070336
935669,8.551097
935679,6.559583
935687,7.249111
935698,8.921984
935701,7.7267404
935717,8.018729
935719,7.0543046
936036,6.897242
936073,7.8010087
936074,7.6407003
936081,8.015245
936153,6.8102365
936221,7.62692
936253,5.6553793
936276,7.7452965
936278,8.16925
936346,4.052276
936412,4.323608
936413,6.2319307
936414,5.280026
936415,5.474469
936416,4.329407
936417,6.226498
936418,6.4631195
936419,6.151013
936420,6.3501787
936422,4.756632
936423,5.3301907
936632,5.6612096
936695,8.143927
936748,8.466426
936768,7.0411057
936802,7.6772485
936986,6.170044
937204,3.428805
937310,11.471744
937467,4.4613705
937468,4.816959
937469,5.499717
937567,6.563031
937600,7.0983872
938114,7.4602747
938273,7.9514956
938275,7.098646
938283,7.8109655
938320,6.6384935
938437,5.2199316
938438,5.569141
938439,5.689083
939155,3.7767498
939207,7.402878
939438,5.135634
939514,10.102901
939518,8.668861
939585,5.80282
939651,4.7844954
939652,5.2375045
939653,5.666391
939654,5.1746464
939655,5.321629
939656,6.0041723
939679,5.5174565
939760,4.3355355
939866,5.813151
939867,7.7144785
939868,5.567869
939869,6.711714
939870,5.811874
939875,5.434227
939880,8.19273
939882,5.996067
940163,6.12728
940175,5.4159303
940186,5.929797
940367,7.1929417
940401,5.3289666
940405,6.852919
940406,5.7204614
940456,7.307255
940634,5.039915
940648,9.853468
940703,9.666798
940709,9.567253
940805,5.4320064
941153,6.9995437
941168,5.424536
941191,9.2737055
941193,7.1293545
941244,6.795303
941246,7.0416737
941248,6.431923
941253,6.103632
941268,6.706426
941284,6.613816
941319,6.8489046
941350,6.4513893
941392,4.8655
941586,7.532391
941653,3.4553773
941823,3.2372923
941827,3.4220147
941864,5.7899523
941867,4.9350963
941871,7.7940493
941924,5.7875586
941939,7.962756
941942,8.808165
942264,3.333952
942275,6.7511063
942290,4.0840273
942497,9.159182
942500,7.1292896
942771,6.0519953
942791,7.1813498
943079,7.7747855
943218,5.145607
943345,6.777125
943349,5.3078885
943353,7.6966147
943412,5.500779
943413,5.5414786
943437,6.09271
943438,7.02958
943452,4.4637938
943462,6.394426
943809,6.3949666
944031,5.983088
944033,5.2699065
944034,5.016551
944036,6.1242485
944037,6.366668
944041,5.9307966
944042,6.7313
944045,6.276946
944054,5.2847486
944055,6.3980036
944086,6.1822314
944200,6.980077
944206,7.5974708
944228,8.513038
944233,7.8499603
944237,9.427321
944249,9.26859
944296,7.273206
944299,7.107008
944304,8.369911
944305,7.6217585
944309,8.221433
944310,8.176517
944316,6.717825
944318,8.586696
944323,7.9049826
944330,8.167781
944338,8.323778
944360,6.105593
944372,6.099008
944373,5.74935
944374,6.148418
944380,6.778946
944381,6.005196
944382,5.307094
944480,8.348207
944491,8.995254
944494,8.856213
944496,8.476836
944676,8.580068
944680,9.50089
944682,6.6519127
944765,5.706312
944769,7.1857605
944892,9.206686
944898,7.9204154
944913,8.139416
944920,6.9014955
944925,8.791448
944928,7.585955
944930,7.5824757
944936,7.5227184
944941,7.823175
944986,8.859643
944991,8.342679
945012,8.8487425
945018,9.70114
945020,8.603453
945026,5.9873004
945028,7.1270995
945041,7.5397363
945044,7.196646
945051,7.249444
945055,6.3267975
945060,8.221823
945063,8.777184
945065,7.152166
945067,7.037116
945072,8.945942
945089,7.1221194
945094,9.039715
945097,8.398361
945100,7.8467107
945102,6.6372395
945103,6.719354
945105,8.327381
945106,7.5181584
945110,8.72264
945112,7.2273965
945139,9.1898
945187,7.799691
945194,10.638146
945212,4.4861293
945222,7.8158937
945225,9.327042
945234,6.332083
945237,6.663153
945244,5.0524006
945249,5.0516257
945253,7.8845606
945273,5.3425
945278,8.609113
945537,5.885505
945609,6.098241
945612,5.393201
945694,6.471931
945696,7.678784
945697,6.8846354
945783,3.4557884
945844,3.897174
945882,5.379493
945909,5.1564684
945960,4.277613
945965,7.266221
946351,4.176363
946790,9.280621
946804,8.513138
946805,7.487288
946812,8.59455
946814,7.7056446
946852,6.254372
947013,5.8833647
947091,5.8177834
947348,7.2612805
947352,5.026286
947355,5.414867
947357,5.9767566
947358,6.428579
947435,5.090036
947436,5.5507584
947620,6.2150493
947622,8.195335
947623,7.993068
947625,8.441137
947626,6.8070507
947631,6.8515897
947917,5.2619305
947918,5.8510933
948263,7.488342
948321,5.661166
948322,4.77739
948323,5.3899765
948324,4.735384
948325,5.5548344
948326,5.71503
948327,5.4869375
948328,5.7164235
948329,7.280724
948330,5.6602216
948331,4.823143
948332,5.3114934
948333,4.6064644
948334,5.033743
948335,4.926537
948336,5.63685
948337,4.9027233
948338,5.1613817
948339,4.9425745
948340,5.804099
948341,5.637748
948342,4.593536
948343,4.7055707
948344,6.4863896
948345,5.4275627
948530,5.339261
948561,6.651209
948576,6.5985994
948584,6.9433208
948615,6.610182
948632,7.278241
948648,6.808656
948649,4.9115753
948706,7.977147
948742,5.1020155
948895,6.889796
948914,4.1320853
948961,7.632806
949104,7.912585
949248,5.0487547
949250,5.998152
949252,6.2547073
949255,5.0452523
949260,5.5811343
949262,7.748071
949263,8.652798
949265,6.423901
949268,8.803426
949271,7.1886005
949272,5.2181177
949273,4.255738
949274,4.368905
949276,5.165747
949368,6.4598346
949493,8.069517
949510,7.475365
949536,4.322373
949551,9.115695
949559,7.061671
949595,8.276407
949617,8.053759
949653,5.543946
949678,6.3826866
949723,7.4285145
949751,7.7368493
949789,6.381997
949859,6.3358955
949860,6.372695
949920,6.4092746
950041,5.844205
950064,7.6827517
950085,6.9605856
950113,7.604917
950128,7.17731
950142,8.020165
950156,8.076144
950167,7.625188
950176,8.504589
950211,7.6846404
950228,7.354325
950332,5.4808807
950378,5.6809263
950861,7.4305115
950975,6.246695
951001,5.651719
951033,5.6105833
951259,5.427252
951491,7.7400107
951493,7.6871357
951494,7.768003
951931,7.8223743
952104,7.252971
952213,7.3528147
952265,8.2471
952296,8.290454
952312,8.842435
952323,6.700607
952324,6.4935584
952339,7.8246493
952375,5.0528855
952381,9.837671
952383,8.846482
952384,9.929743
952385,10.398268
952386,8.575949
952390,9.959866
952391,9.744168
952392,9.522955
952393,8.928005
952395,9.830261
952396,8.786908
952398,10.215833
952399,9.613885
952400,10.164471
952401,10.049388
952407,10.316233
952412,9.7602825
952495,10.54895
952496,9.165401
952512,10.017776
952513,11.165637
952514,9.924592
952782,8.219947
952789,8.785465
952947,6.19704
954640,7.3290253
954744,7.7489595
954851,7.0377197
955038,9.673966
955039,7.9738717
955042,5.823325
955549,6.292995
955619,9.826577
956144,8.124927
956145,7.8746977
957053,9.018926
957476,6.812884
957724,5.1201344
958999,5.481508
959002,4.7990046
959512,9.015782
959917,5.1566453
960044,6.796984
961411,6.6635685
962641,6.2708755
963694,6.6947293
963783,6.554271
964720,8.866706
964783,6.3153443
964796,7.478262
965087,6.68179
965388,4.6169534
965462,7.478035
965951,9.5732
965965,6.347956
966298,7.557237
966403,8.332648
967232,6.7669864
967235,6.178484
967236,6.1302433
967237,6.6084666
967238,6.5117445
967239,6.861264
967240,4.808423
967244,5.9967833
967327,6.4290986
967335,6.086396
967338,6.3720717
967646,6.300671
967789,7.9452915
968078,6.667673
968481,6.882249
968774,4.461816
968775,4.5238585
968776,5.8244324
968777,4.2478895
968789,6.3673177
968962,6.862698
969435,10.853805
969436,8.013474
969438,8.491285
969457,7.1766887
969641,5.0991187
969700,6.0531697
969773,6.730267
969774,6.4222875
969777,7.139022
969778,6.8936377
969779,6.4683995
969780,6.337725
969781,5.758447
969782,5.9111423
969875,5.201555
969935,6.6166596
969936,6.661264
970150,5.4352264
970152,5.0429077
970155,6.583129
970570,11.096727
970583,7.672271
970787,6.0352645
970904,6.5188117
970923,10.009649
970924,10.066034
971087,8.029476
971122,7.8653827
971407,7.4177084
971429,7.457168
971446,7.570417
971453,6.0020075
971461,5.779288
971478,6.172378
971558,7.4450984
971576,7.870991
971894,4.4641623
971895,4.5408483
971896,4.3238072
971897,5.4181085
972027,5.554082
972389,5.9941196
972390,6.701989
972393,5.7826176
972394,6.246464
972395,6.0817103
972396,5.696794
972397,6.800722
972398,6.2896748
972399,7.5442953
972400,6.6303115
972401,6.270109
972402,6.5511627
972403,5.245236
972405,6.0910234
972407,5.949279
972408,6.721595
972409,6.441122
972410,7.028882
972411,8.357314
972412,6.691755
972413,6.5349073
972414,6.4469185
972416,6.30536
972417,7.248213
972420,6.1679335
972421,6.7361145
972423,6.7447753
972424,6.512235
972425,6.728441
972426,6.404948
972427,6.6413107
972428,6.775539
972429,6.628072
972430,6.561049
972431,6.3688626
972433,6.293874
972442,6.66176
972443,6.9820337
972444,6.4679585
972447,7.8791146
972448,6.2498307
972449,6.83782
972465,7.370533
972467,7.027808
972468,8.891741
972469,7.412292
972470,7.691599
972472,8.372177
972474,7.5478215
972476,8.750974
972478,7.5715265
972497,7.597384
972498,7.2195683
972500,8.233492
972501,6.9715667
972502,7.1365333
972504,7.667343
972505,6.5969806
972506,6.3710446
972507,7.575615
972509,6.9734497
972510,6.4527903
972511,6.9682984
972512,7.9066806
972514,8.311303
972519,8.290926
972520,7.860359
972521,8.325926
972602,9.190498
972883,6.8132
973463,9.234259
973612,7.5862875
973689,8.297422
973831,7.8855367
973833,8.689093
973927,8.907182
973964,9.289523
974109,6.922612
974427,4.4571857
974547,6.778327
974565,6.7908173
974826,5.52721
974828,5.254346
974829,6.266164
974830,6.7393847
974831,6.599062
974833,5.1935415
974838,5.305587
974841,5.439594
974842,4.9403996
974848,6.4071946
974849,5.6423345
974852,6.1551623
974853,5.479491
974854,5.880636
974855,5.6129355
974856,5.8588214
974857,5.6610003
974858,6.6173854
974860,6.056049
974985,6.8921742
975087,5.931729
975097,5.8788505
975113,10.770576
975240,6.9696584
975559,5.9880805
975937,5.914081
975940,5.859682
976235,6.042794
976236,6.3696375
976237,6.1587257
976251,7.4662566
976252,7.347616
976255,8.128496
976258,7.024464
976267,7.073221
976555,7.423406
976558,7.332127
976560,7.210002
976561,8.861994
976562,6.6335907
976563,6.3735046
976568,8.324712
976569,7.6856923
976571,8.214598
976584,8.636184
976655,6.666676
976674,6.833451
976823,5.8626404
976836,8.793148
976844,9.39899
976850,8.8377075
976857,8.143397
976861,9.626981
976867,6.789822
976874,9.944636
976881,6.690143
976882,6.7609735
976883,7.2919173
976884,8.525051
976893,8.001379
976894,9.695265
976903,8.760671
976918,8.909382
976953,8.259502
976954,8.181759
976957,6.8503633
976984,8.335823
977101,6.088
977115,8.329597
977121,7.9724073
977171,5.8701844
977289,4.5401483
977325,8.285985
977326,7.0726676
977328,9.379132
977329,8.017509
977331,6.0808268
977528,6.4353065
977668,8.268147
977941,3.6598735
977945,3.3046074
977948,3.1959617
977949,3.091703
977993,9.063757
978069,3.0151815
978074,3.3232262
978547,5.8344903
978606,7.0127506
978827,5.354774
979028,5.7739773
979029,4.7799683
979031,4.9393406
979033,5.1818614
979034,4.3450046
979037,4.8014636
979038,4.633357
979039,4.9153085
979040,4.9657874
979042,4.758321
979043,4.704375
979044,6.4054775
979076,4.6218863
979207,6.841506
979210,6.910856
979508,6.247893
979569,8.477702
979880,5.6773934
979885,5.7687707
979914,7.5466185
980109,7.324964
980257,9.256566
980379,5.431814
980454,5.2470303
980671,4.3881283
980673,5.3476644
980814,7.0555973
980966,4.8185425
980985,5.433877
981120,6.2303634
981335,7.421929
981336,7.7922697
981337,7.1415753
981339,7.607938
981341,7.4355597
981342,9.298373
981357,6.453188
981446,8.771946
981755,7.165736
981842,4.3426294
981855,7.690012
981880,8.362456
981885,7.671229
982166,6.6138062
982295,8.703635
982504,7.418046
982505,7.471759
982591,7.8266525
982592,8.427378
982859,8.82464
982868,8.641518
982887,9.595297
982912,9.873832
982914,4.402989
982933,9.497766
982940,10.222393
982975,8.372577
982977,8.314024
983150,6.2707486
983166,4.412445
983229,8.0261755
983242,9.609769
983244,9.543433
983267,6.5678234
983270,8.163592
983290,10.352792
983299,9.296707
983302,8.200948
983305,6.6281266
983312,9.748016
983314,8.604826
983315,8.647812
983318,10.048986
983336,7.726421
983345,8.068634
983550,6.6011977
983586,8.217289
983760,9.649342
983762,7.4317236
983764,7.7990794
983768,7.8463645
983770,7.8880186
983776,9.741804
983782,6.6221943
983788,9.804004
983914,9.054745
983915,5.9085608
983931,5.5205097
984172,6.9782577
984211,6.753611
984344,7.0437937
984345,6.5562806
984369,7.7731233
984370,7.357885
984372,6.8579526
984373,9.132116
984375,7.19187
984400,6.95305
984449,7.360525
984450,8.146099
984451,6.1829696
984453,6.6776986
984454,6.614661
984455,7.474995
984687,8.571895
984874,7.868759
984969,6.040732
984971,5.8401666
985025,6.262198
986138,6.7619796
986329,8.899125
986335,4.9800553
986425,6.084372
986815,9.407521
986818,8.335891
986838,8.923113
986855,8.22665
986866,9.892739
986932,8.317207
987155,10.455777
988134,7.6821666
988264,5.3628306
988315,8.565845
988393,5.3505363
988438,7.871861
988494,6.554712
988930,9.7586565
988931,8.513846
988936,10.492344
988943,9.896804
988945,9.880937
988946,11.267147
988948,9.337511
988950,9.708261
988956,8.72726
988957,6.334388
988959,6.8107686
988965,7.437461
988974,6.099158
988987,6.773029
988996,6.706631
988999,7.6392736
989000,8.14755
989003,9.112686
989007,8.518839
989012,9.8623
989015,9.470814
989016,8.175238
989017,9.108643
989018,7.990903
989020,7.950327
989021,6.6957774
989026,6.3466444
989028,10.651768
989031,10.362335
989034,8.490734
989036,6.449163
989039,8.031973
989040,6.7871037
989043,6.6456575
989045,6.5273457
989688,7.900721
989736,6.055799
990237,6.104219
990261,6.709572
990262,6.144239
990263,6.216023
990264,6.233052
990265,7.4589496
990266,6.7569256
990383,6.3234076
990384,6.7493963
990386,7.386587
991136,9.45843
993533,4.85293
993542,8.135223
993725,4.0648413
993847,6.7151823
993927,7.077497
993928,8.223795
993929,5.7272615
993930,7.2476625
993941,9.27669
993949,8.247824
994104,8.743342
994121,8.393432
994216,9.041687
994492,7.450055
995012,5.138152
995410,6.1851754
995604,7.756524
996482,6.4395194
996488,8.390856
996493,8.080913
996499,8.222866
996500,10.351534
996501,9.27709
996504,6.5988684
996506,8.550879
996510,7.372072
996512,7.388452
996514,8.089209
996518,7.8324957
996530,9.268851
996532,7.3807697
996541,9.145109
996542,9.978543
996550,7.3842826
996551,7.9613686
996556,8.606284
996560,9.995825
996565,8.983416
996567,7.169287
996572,8.750129
996574,7.9534874
996588,6.493102
996590,7.409704
996760,6.421602
996762,6.3711944
996763,6.3248515
996764,6.739293
996765,6.246174
996767,5.948065
996809,7.5427127
997537,7.0784183
997538,7.1428905
997539,6.764568
997540,6.646699
997541,5.522058
997680,5.727745
997756,6.2060575
998881,5.4912825
998882,5.928842
998883,6.3302684
999232,5.2892594
999310,8.401618
999353,7.3746
1000425,4.9298997
1000550,5.2381773
1000555,4.814299
1000569,6.070923
1001305,6.98469
1001371,5.77725
1001403,7.05264
1001404,6.0187044
1001476,6.5636663
1001764,10.686848
1001767,9.50386
1001769,11.63651
1001770,9.9435
1001772,10.812071
1001778,11.205954
1001780,9.582386
1001782,11.2689495
1001815,9.371726
1001823,7.2415776
1001826,10.667489
1001830,10.35406
1001832,8.978815
1001834,8.169107
1001839,10.096967
1001855,8.75899
1001866,9.633965
1001867,8.469905
1001870,8.948072
1001872,9.945232
1002544,6.6200833
1002545,5.4582024
1002546,5.911082
1002547,5.9273844
1002548,6.790024
1002657,8.061205
1002932,7.7335896
1002937,6.756284
1003505,9.546548
1003520,9.387619
1003522,7.640716
1003534,8.477817
1003574,10.8168545
1003667,6.9612384
1003731,7.788778
1003749,8.395921
1003758,10.699879
1003903,7.57127
1003910,6.989203
1004193,8.415845
1004443,7.7348046
1004570,6.5555954
1004573,6.8332143
1004574,6.368447
1005067,4.8563557
1005128,7.9329376
1005156,6.81143
1005219,6.9897757
1005822,7.8854938
1005824,7.4307666
1006057,6.6298
1006138,5.334974
1006170,8.58458
1006263,8.765966
1007142,6.3246517
1007190,8.963737
1007788,6.3235397
1007790,6.841165
1007792,5.8676863
1007800,5.4756236
1008528,7.0579343
1008569,6.7732987
1008586,7.523888
1008591,7.1643147
1008593,7.6750565
1008630,7.6446123
1008669,6.5157075
1008886,6.499215
1009164,8.167407
1009171,7.136125
1009180,7.1607203
1009192,8.072909
1009251,9.569142
1009252,3.7960281
1009254,3.896159
1009255,5.124496
1009256,5.846817
1010377,6.75617
1010576,7.4322085
1010653,7.694514
1010655,6.346036
1011067,7.185031
1011594,8.010144
1011600,5.021696
1011657,5.6391687
1011931,4.689706
1011940,5.183854
1011952,2.6512532
1012126,6.896062
1012127,6.7063985
1012128,6.5714808
1012129,5.057615
1012130,5.1256747
1012131,5.892134
1012248,4.9057994
1012721,5.879954
1012722,7.699413
1012723,6.1366115
1013219,8.9611435
1013229,6.6098046
1013239,6.538177
1013250,6.6779437
1013268,7.205036
1013275,7.256494
1013288,5.517232
1013313,6.542594
1013394,6.5391717
1013627,3.4103205
1013654,5.5000534
1013749,2.5326056
1013753,5.028858
1013785,3.1887589
1013787,6.2433286
1013793,5.990824
1013978,6.1849475
1014176,5.8782434
1014243,6.987878
1014249,5.338312
1014458,5.628514
1014692,5.5679593
1014952,6.881945
1014989,5.8299766
1014998,4.8776574
1015066,7.541907
1015404,5.7813425
1015418,5.158814
1015734,5.714172
1015737,6.032356
1015738,6.2193193
1015856,5.304591
1016084,9.0285635
1016126,4.97679
1016139,5.2877183
1016209,9.232999
1016220,8.366924
1016223,8.604888
1016231,8.065354
1016235,8.400537
1016241,8.325657
1016361,8.385159
1016369,7.5334153
1016372,7.662222
1016424,7.611839
1016476,8.643588
1016484,8.134932
1016509,6.493062
1016534,9.074915
1016539,8.890745
1016546,7.191067
1016547,4.493098
1016549,8.631608
1016552,6.863773
1016553,7.20958
1016555,8.125863
1016561,7.9872746
1016587,6.697709
1016591,6.4255285
1016600,4.3313503
1016783,6.7563224
1016913,5.7382197
1016915,8.4902315
1017143,5.9508004
1017206,3.874999
1017317,2.6369367
1017571,7.888557
1017572,5.9601665
1017618,5.803713
1018016,4.8453493
1018192,4.2160463
1018381,7.8530483
1018824,7.307903
1018827,7.287465
1018985,6.901142
1019174,7.01257
1019212,5.753527
1019381,6.656654
1019551,6.5615253
1019704,6.5661683
1020025,4.8632956
1020026,5.87516
1020037,4.2724843
1020038,4.2832093
1020039,5.6634994
1020360,7.890918
1020541,5.2894864
1020542,4.616753
1020543,4.824075
1020544,5.4425197
1020547,6.313676
1020548,4.489798
1020549,4.7094684
1020550,4.5936427
1020552,5.247848
1020553,5.5273905
1020554,5.6793056
1020555,5.1921406
1020557,4.880893
1020558,5.233126
1020559,5.2720656
1020560,5.3322244
1020561,6.000902
1020562,4.919442
1020563,5.426629
1020564,4.819639
1020565,6.468545
1020567,5.8282924
1020568,4.7111897
1020569,5.1262
1020570,4.9198503
1020572,5.858285
1020573,5.8073254
1020574,5.8978715
1020575,4.9425564
1020576,5.338125
1020577,6.373964
1020578,4.7555265
1020579,5.199698
1020580,5.093281
1020581,4.441449
1020582,5.806304
1020583,4.7411637
1020584,5.555246
1020585,4.6821594
1020586,4.6732802
1020587,5.1672015
1020588,5.4759808
1020589,5.369635
1020591,6.5757546
1020592,4.4867635
1020593,5.2567697
1020594,5.4147186
1020595,6.113205
1020596,4.849392
1020597,4.9333677
1020598,5.3904414
1020599,5.021336
1020600,5.4737253
1020601,5.1436157
1020602,4.84764
1020604,4.535633
1020605,5.25648
1020606,5.4680867
1020607,6.2851205
1020610,4.4731555
1020612,5.263275
1020759,5.8758764
1020924,6.27465
1021012,6.636933
1021014,8.116123
1021016,7.336567
1021018,7.5856624
1021020,7.9072933
1021021,6.361214
1021024,7.574536
1021025,6.4143777
1021026,5.2237
1021027,5.3253036
1021028,4.9533863
1021030,4.63106
1021032,5.978824
1021033,5.0321736
1021035,4.391317
1021039,5.8249197
1021137,5.8966203
1021210,5.5953736
1021278,6.281396
1021281,6.485739
1021284,6.579161
1021285,6.3752027
1021286,6.076242
1021289,6.4370937
1021291,6.0117607
1021293,6.320158
1021295,6.042476
1021319,8.777208
1021320,7.171577
1021323,6.9833803
1021326,6.5032434
1021327,6.447682
1021333,7.389599
1021343,6.8160133
1021345,7.2297697
1021346,6.520825
1021349,6.367105
1021350,6.7318954
1021352,7.0163584
1021353,6.4685965
1021355,6.751509
1021356,6.699588
1021361,6.695188
1021365,8.188729
1021381,8.494921
1021404,6.0789495
1021412,6.2811246
1021414,8.733932
1021417,8.828906
1021418,7.161634
1021419,8.110418
1021420,6.990808
1021421,6.196761
1021422,6.1735864
1021423,6.961394
1021424,7.9726086
1021534,8.063097
1021536,8.60957
1021539,7.4585834
1021542,7.5612254
1021543,7.590201
1021544,7.747028
1021545,8.200122
1021546,7.3431783
1021556,7.6359973
1021557,8.033219
1021601,6.2902246
1021724,6.6822033
1021789,7.5153227
1021795,6.4332376
1021833,6.2016554
1021852,7.5649743
1022059,7.5694313
1022095,7.767705
1022116,7.549989
1022118,7.2416115
1022135,8.318135
1022171,6.961668
1022178,4.2330585
1022189,7.673842
1022202,6.597292
1022204,5.979054
1022559,6.3212194
1022661,5.501935
1022707,6.434757
1023012,7.3270807
1023027,7.8444195
1023115,6.707042
1023267,7.8325553
1023293,8.460458
1023298,6.98334
1023489,8.284403
1023974,6.8971324
1024123,5.725632
1024185,6.454877
1024234,7.4965324
1024270,8.011636
1024360,9.131911
1024362,9.774907
1024867,6.234079
1024887,6.3868403
1024933,8.470401
1025287,5.355545
1025296,5.687465
1025297,6.126768
1025298,5.4929867
1025305,4.8872976
1025306,5.395187
1025314,5.5867057
1025328,6.0867925
1025329,6.064642
1025334,5.9063087
1025335,5.2756495
1025340,7.154023
1025798,6.326578
1025801,8.995901
1025802,6.570604
1025811,6.7238655
1025975,5.4183297
1026610,4.2599425
1026611,4.1090293
1026671,6.1580048
1026672,5.2650547
1026674,6.5588017
1026675,6.0445557
1026676,6.8965106
1027124,5.866546
1027564,8.041155
1027565,8.478897
1028032,6.49302
1028065,7.4968543
1028089,7.2527275
1028109,7.6582484
1028117,5.31932
1028119,8.320777
1028122,7.6305604
1028124,6.852629
1028125,8.359823
1028127,6.925177
1028186,6.10608
1028200,4.970955
1028277,6.70027
1028281,8.265147
1028284,7.168116
1028290,7.7620053
1028311,5.3170314
1028320,6.1818376
1028358,5.920896
1028429,6.3608794
1028567,6.550252
1028667,5.0723634
1028672,9.263792
1028792,4.813918
1028880,10.710931
1029005,6.047643
1029108,4.5781684
1029109,3.6538396
1029147,9.102927
1029257,6.5587425
1029315,6.840391
1029562,6.007246
1029921,8.856449
1029953,6.211447
1030102,5.1871533
1030191,8.356882
1030252,7.766725
1030311,6.62985
1030391,3.1134486
1030438,4.98707
1030444,3.0022407
1030448,7.0806484
1030490,2.807569
1030567,2.7040808
1030701,6.4835835
1030702,8.783844
1030928,8.8237
1030929,9.620103
1030957,5.1388073
1030959,5.4663806
1031009,7.4238443
1031113,6.580637
1031134,7.483681
1031157,6.4542146
1031331,7.2896957
1031578,9.034546
1031583,7.622601
1031703,5.3867984
1031856,5.597845
1031858,4.666188
1031861,4.76209
1031862,5.013989
1031864,7.7118173
1031870,5.54119
1031871,5.980526
1031872,5.950846
1031884,4.739972
1031889,4.96063
1031891,6.617846
1032121,8.04042
1032158,8.1629505
1032175,6.3548903
1032177,6.912144
1032468,5.5038795
1032636,4.2961645
1032637,4.4265394
1032834,7.248494
1033493,3.3362768
1033499,3.2605987
1033500,3.7125556
1033505,3.7788754
1033507,5.1307607
1033580,5.9933224
1033721,6.484155
1033722,5.842974
1033724,6.2439632
1033726,7.423156
1033727,8.155553
1033729,6.427915
1033818,7.7244263
1033820,6.613302
1033821,7.379292
1033825,8.110825
1033828,6.100921
1033830,7.097248
1033832,9.333748
1033835,7.006703
1033836,7.0699687
1033837,6.964245
1033879,7.995482
1033880,7.7495914
1033881,8.271946
1033883,9.418198
1033885,7.9225326
1034398,8.084417
1034485,7.372485
1034573,5.782069
1034994,7.2673864
1035060,7.0670667
1035074,6.882251
1035315,5.0503583
1035541,5.451303
1035958,5.3668637
1036006,5.143474
1036064,5.444474
1036076,9.501409
1036131,9.3209505
1036134,4.271159
1036270,6.6163287
1036271,5.5380425
1036554,5.2112646
1036861,8.681939
1036961,9.233407
1037010,10.020897
1037019,9.042263
1037022,8.846401
1037043,10.2756815
1037090,7.555215
1037246,7.179321
1037351,6.5357547
1037362,6.6036634
1037363,6.3398056
1037364,7.604237
1037506,7.151548
1037818,4.948586
1037819,5.2868376
1037821,5.6655536
1037822,4.109786
1037823,3.6950376
1037824,4.6309013
1037884,7.5681324
1037885,7.4489665
1037886,6.4721737
1037887,6.639366
1037895,6.744491
1038019,7.123876
1038127,7.395215
1038177,6.6667843
1038195,5.621677
1038239,6.240116
1038240,7.0210733
1038241,6.685457
1038247,5.638909
1038249,5.873063
1038250,6.5181146
1038252,6.533572
1038253,5.4187226
1038255,5.7539973
1038258,5.126464
1038259,5.86409
1038271,4.991393
1038278,5.45005
1038279,5.8990383
1038304,5.8704557
1038307,5.2058816
1038315,6.743966
1038316,5.4791203
1038318,4.9400334
1038319,5.2138
1038334,6.809588
1038555,6.9808335
1038624,9.319842
1038638,8.355396
1038698,7.103661
1038768,5.2349596
1038769,4.7278037
1038786,5.5607204
1039006,6.180469
1039493,8.956099
1039575,6.5676537
1039700,6.7835627
1039705,6.182716
1039751,6.356562
1039803,6.0750976
1039849,7.9429774
1039858,6.917436
1039861,8.402559
1039864,7.5041027
1039868,8.242896
1039893,7.5789485
1039902,7.1495624
1039913,6.1352386
1039930,5.321572
1039932,5.3258095
1039933,4.390738
1039934,5.8285623
1039935,5.78128
1040194,7.411059
1040253,7.447446
1040281,6.4461627
1040320,6.8640966
1040323,7.754365
1040337,8.727644
1040469,6.4134817
1040492,6.502879
1040593,6.5382924
1040687,7.774314
1040880,6.2993617
1041193,7.2929792
1041195,11.971911
1041549,6.1407948
1041556,4.6667857
1041598,7.542154
1041601,6.5048532
1042074,9.026069
1042079,5.3662577
1042093,8.299653
1042195,7.292168
1042254,8.018565
1042398,3.302644
1042399,3.2250714
1042438,6.577322
1042476,6.7763777
1042482,2.925335
1042483,2.8336906
1042492,9.141148
1042493,7.83422
1042497,3.555289
1042499,6.863788
1042501,8.482877
1042503,7.414889
1042507,2.8499467
1042511,8.1387615
1042512,2.767407
1042514,7.6755605
1042515,7.264897
1042518,8.400597
1042523,7.4099793
1042524,3.6875124
1042526,7.6502194
1042528,8.783819
1042581,2.741109
1042683,6.3852887
1042684,6.2694936
1042685,7.454024
1042686,5.7931995
1042687,6.441488
1042942,6.619597
1042948,6.734819
1043426,4.7342696
1043432,4.6046357
1043433,4.725105
1043434,6.312966
1043825,4.3402042
1043832,4.8552237
1043833,5.532856
1043834,6.2149687
1043835,5.8496876
1043836,5.3197503
1043837,4.9704003
1043839,4.8441067
1043840,5.386889
1043841,5.7139926
1043842,6.3725915
1043843,6.1729584
1043850,5.5254073
1043856,4.3799043
1043860,6.1389546
1043863,5.3046207
1044087,5.536493
1044137,5.3490915
1044243,8.687054
1044309,6.3282704
1044310,6.4716926
1044850,5.731899
1044965,9.209325
1045125,6.196125
1045129,5.9068403
1045283,3.769928
1045287,4.0913563
1045288,4.9881005
1045294,4.1854863
1045306,3.7069767
1045315,3.50704
1045320,3.1336281
1045332,4.154839
1045518,5.61137
1045572,8.1555195
1045602,6.3186255
1045738,9.663436
1045886,8.909932
1046122,5.264167
1046132,6.149671
1046775,8.078629
1047215,5.3854027
1047326,7.380724
1047536,1.8779685
1047566,7.0390406
1047567,6.094546
1047570,5.459881
1047571,5.354764
1047573,1.7822933
1047664,5.933772
1047746,5.719189
1047892,6.2761736
1047893,6.4323106
1047974,6.224975
1048007,7.260266
1048368,7.0674305
1048439,5.6067514
1048504,6.817612
1048649,7.678082
1048658,8.211215
1048722,7.2040033
1048729,7.7995152
1048827,6.5338635
1048967,4.4953747
1048978,5.8400903
1049027,5.4563303
1049034,4.217424
1049324,6.6770616
1049343,7.3749022
1049361,7.256655
1049375,7.6913886
1049409,6.4361815
1049422,5.680518
1049598,6.9259663
1049808,8.289598
1049812,5.009152
1049814,6.340191
1049815,5.4587607
1049885,6.4508
1049886,5.267781
1049887,6.5537405
1049898,7.153735
1049899,5.9050817
1049901,8.626194
1049902,7.3978877
1049914,6.3075857
1049915,8.12894
1049916,6.5736213
1049918,6.798769
1049944,7.2678986
1049946,6.934706
1049948,7.5777173
1049949,8.699823
1049950,8.253199
1049983,5.98671
1049984,6.9950023
1049985,9.03577
1049987,7.504697
1049989,7.720222
1049990,7.7774906
1049992,8.090633
1049993,8.172998
1049994,9.163328
1049995,8.775964
1050022,6.2173953
1050028,6.3976474
1050031,6.597536
1050033,7.752502
1050074,5.9534154
1050132,5.960836
1050140,6.6785893
1051128,7.144609
1051594,8.509736
1051724,9.648042
1052040,5.772799
1052068,8.481079
1052233,4.376329
1052247,6.129913
1052276,5.039494
1052797,5.8813887
1052798,4.880876
1052799,4.5848765
1052800,3.8825204
1052801,4.317317
1052846,7.8116674
1052847,7.7517996
1052969,6.3123584
1053065,2.2470124
1053174,6.1700397
1053177,5.7085204
1053179,5.647656
1053180,5.1002765
1053194,5.2171736
1053200,6.112317
1053202,5.322293
1053203,5.3226395
1053204,4.7947164
1053207,5.312243
1053208,4.8601394
1053461,9.346768
1053501,5.3437214
1053502,4.411813
1053503,3.8965542
1053504,5.608462
1053546,7.4302073
1053548,5.9198995
1053559,7.6426096
1053584,9.4755125
1053586,7.2465177
1053587,8.3020115
1053589,8.441098
1053622,7.2530622
1053623,7.6029916
1053629,8.187476
1053645,7.1624494
1053680,5.286087
1053681,4.8812823
1053682,5.708383
1053696,6.981789
1053748,7.48321
1053763,8.855206
1053824,5.4055266
1053841,5.4895363
1053932,7.681384
1054494,5.4292006
1054517,7.536665
1054590,7.277816
1054618,6.962053
1054691,6.9774256
1054806,7.1883225
1054845,7.301935
1054852,5.2653055
1054869,6.3791294
1054931,5.825012
1054977,7.426907
1054987,7.1954
1054989,7.2157254
1055106,7.6537185
1055179,9.50238
1055206,6.4413047
1055210,7.289869
1055211,6.50499
1055221,7.534012
1055268,6.065411
1055361,8.132664
1055488,7.2511373
1055629,5.6905265
1055852,10.350633
1056033,7.7621565
1056128,5.709051
1056352,3.9718225
1056353,4.8318725
1056584,6.858666
1056643,3.8269622
1056699,6.791935
1056721,7.14338
1056947,7.2904267
1056957,8.400957
1057250,7.429397
1057289,3.9890573
1057388,2.9091473
1057577,6.6926303
1057578,6.054226
1057580,6.282434
1057581,6.2283254
1057582,6.102225
1057583,6.8762994
1057584,6.186179
1057992,5.6449275
1058016,6.204829
1058029,6.0230803
1058093,6.752037
1058162,8.32991
1058172,6.0415883
1058211,4.6978936
1058431,4.867086
1058443,3.7641125
1058839,4.7979436
1058849,5.1825714
1058854,4.6241045
1058857,5.261462
1058858,5.1679187
1058860,5.174212
1058861,4.92109
1058862,6.0030956
1058863,4.802702
1058864,5.3608203
1058865,4.864469
1058866,5.953717
1058868,5.4433336
1058870,4.8750777
1058872,4.8285108
1058877,5.092194
1058881,5.9285326
1058882,5.0001326
1058883,4.755166
1058884,5.910564
1058885,4.7517056
1058886,5.0577803
1058887,5.6656966
1058888,4.7260003
1058889,4.718597
1058890,4.7994256
1059730,6.5069456
1059731,5.8877277
1059732,5.8768697
1059734,6.8882055
1059735,6.356311
1059766,5.168173
1059833,10.114452
1060020,7.164502
1060075,5.6053543
1060076,3.4396741
1060077,5.0879536
1060584,2.0732968
1060585,0.9529782
1060586,1.6160942
1060587,2.1409447
1060588,1.6283153
1060890,4.565406
1061451,5.6844277
1061631,7.3548675
1061736,4.97453
1061778,5.602377
1061861,3.623024
1061893,6.1212573
1061931,5.3920484
1061940,6.8562775
1061993,5.494102
1061998,5.6145277
1062020,6.909845
1062021,4.8458643
1062023,4.9765663
1062024,6.548084
1062278,5.782234
1062285,5.494144
1062450,7.241965
1062572,5.424153
1062574,5.763855
1062605,8.786219
1062843,6.9263372
1062878,4.593586
1062885,8.894636
1062910,6.1763563
1062911,5.522688
1062912,6.2023296
1062914,5.7214084
1062917,6.214884
1062918,6.5748315
1062919,6.8704453
1062926,6.8152776
1062927,6.0942407
1062928,5.907944
1062929,7.138557
1062956,6.5265923
1063079,7.9572897
1063080,7.925672
1063087,8.606676
1063088,7.5310955
1063089,7.3321557
1063091,7.790425
1063092,7.553002
1063096,7.717499
1063098,7.4510164
1063142,5.501575
1063143,5.428656
1063144,6.186262
1063171,4.734398
1063174,7.1486874
1063356,8.108123
1063407,7.666104
1063897,6.817349
1064169,4.994141
1064239,7.342219
1064244,7.9813437
1064253,9.112888
1064581,7.430262
1064794,8.125929
1064811,4.3959107
1064831,4.6375027
1064837,5.0433145
1064875,5.252828
1065062,6.3289824
1065335,8.750984
1065394,6.0860868
1065470,8.813318
1065476,8.54445
1065621,6.5359263
1066100,6.499823
1066103,8.365445
1066107,6.914994
1066108,7.2248435
1066115,7.422916
1066396,5.4192553
1066402,5.3438716
1066410,4.89109
1066418,4.8410597
1066449,7.0776205
1066468,6.9253206
1066471,5.9248843
1066676,4.950818
1066713,4.814679
1066762,7.079162
1067026,5.6254754
1067028,5.3683896
1067474,8.868437
1067892,7.354481
1067976,6.6836367
1068099,5.7657547
1068102,7.3748937
1068115,6.9456196
1068123,7.8428307
1068126,7.3608723
1068127,8.745502
1068128,7.971905
1068135,6.907009
1068272,7.6916895
1068276,7.1657495
1068440,6.9214334
1068626,6.913406
1068628,7.061603
1068630,6.8547463
1068652,8.0412245
1068665,8.026324
1068675,8.643524
1068733,8.143261
1068848,6.8800316
1068894,7.696816
1068964,7.160825
1069104,7.694038
1069253,6.465776
1069377,6.3214016
1069389,7.170871
1069473,7.6345067
1069477,7.345152
1069491,6.947107
1069640,8.818282
1070075,7.467536
1070076,5.3852115
1070077,7.8288016
1070078,6.734165
1070079,7.8146896
1070080,7.394306
1070120,5.8416653
1070121,5.053384
1070132,9.819449
1070359,3.8193588
1070373,5.271705
1070480,3.662988
1070660,6.6673646
1070661,6.478545
1070662,7.584948
1070663,6.6218796
1070664,6.9521465
1070666,7.414492
1070667,6.4354053
1070839,7.4889274
1070955,7.055283
1071017,7.3259134
1071075,6.29841
1071088,6.4144807
1071612,5.212862
1071615,5.2994337
1071618,4.6207767
1071620,5.3762503
1071621,4.6913447
1071622,5.3559694
1071623,5.1865487
1071624,4.794227
1071625,4.253157
1071627,5.0896235
1071628,5.950396
1071629,5.866305
1071631,5.433369
1071639,5.372898
1071872,5.5551796
1071943,5.56149
1072179,7.483112
1072398,7.271623
1072663,5.8936486
1072969,6.228073
1073128,3.6776738
1073129,3.3786507
1073165,3.4429548
1073167,3.6229348
1073168,3.43038
1073180,3.0877202
1073195,5.9841194
1073334,6.508656
1073348,5.38054
1073351,4.8304443
1073408,5.0415144
1074078,5.4000344
1074079,5.986266
1074107,5.3856225
1074382,6.414884
1074383,5.0857053
1074472,4.9448447
1074624,5.9515157
1074649,4.7229295
1074811,5.2689147
1074986,6.191777
1075119,5.9323716
1075143,5.7565145
1075156,5.7254286
1075161,6.051062
1075184,6.1174283
1075192,4.692184
1075239,7.0278664
1075380,6.93758
1075682,6.40231
1075808,9.802957
1075812,7.106645
1075818,6.1817155
1075823,10.283347
1075830,9.552343
1075850,7.0963254
1075852,9.692354
1075853,9.788506
1075854,8.768009
1075856,9.989691
1075858,9.235379
1075859,8.987434
1075870,9.526723
1075871,10.85537
1075872,11.54087
1075874,9.029395
1075881,9.305714
1075883,9.300167
1075894,7.8092413
1075895,7.602233
1075904,7.7788
1075913,7.713734
1075915,7.3981104
1075916,9.7557535
1075917,7.2359776
1075919,7.560166
1075921,8.505163
1076041,7.7308903
1076177,6.0424895
1076250,4.3444953
1076251,5.0968313
1076344,5.3118477
1076407,10.918041
1076793,7.567593
1076878,8.110843
1077123,7.466998
1077124,7.679725
1077127,6.0345783
1077130,4.906749
1077133,6.0584354
1077136,5.991008
1077139,6.78737
1077140,6.218327
1077141,7.959148
1077144,5.9444294
1077462,6.4908743
1077798,5.4437103
1077843,5.9747353
1077944,6.592998
1078028,4.8051724
1078039,4.364006
1078040,4.1371512
1078043,5.868437
1078062,6.5916424
1078663,6.643767
1079096,7.4214673
1079150,6.209874
1079151,8.102366
1079176,5.0612826
1079530,6.8243318
1079559,5.905958
1079786,7.7149477
1079790,9.7451
1079791,7.270869
1079803,7.5305653
1079811,8.190264
1079828,8.052741
1079829,7.3476257
1080477,4.69099
1080478,4.135571
1080730,5.840009
1080731,4.0538607
1080732,3.9529886
1081037,5.2516093
1081038,5.4571843
1081163,10.642611
1081433,8.933964
1081445,8.191444
1081469,7.4283977
1081494,8.353616
1081496,7.748619
1081498,7.426497
1081922,4.832067
1081923,5.6498203
1082138,9.867811
1082229,7.9353614
1082264,4.676322
1082274,7.7396526
1082312,4.900609
1082314,5.959403
1082332,7.2206316
1083001,7.090284
1083526,6.9560785
1083535,11.419831
1083537,11.070655
1083538,8.328447
1083539,11.207351
1083541,10.003431
1083548,9.542226
1083559,7.620462
1083563,6.389444
1083574,10.092434
1083587,8.103159
1083588,8.279111
1083591,8.924164
1083615,6.812019
1083619,7.1901197
1083639,4.768846
1083649,7.9797416
1083651,10.853813
1083652,9.606054
1083654,10.443758
1083655,10.022763
1083660,9.14344
1084130,5.1025243
1084194,5.6511717
1084198,5.265814
1084206,4.7639346
1084271,6.0250607
1084475,5.451023
1084554,4.9244313
1084626,5.9585032
1084627,5.9817553
1084628,6.7281585
1084629,4.9596195
1084630,5.1228313
1085001,4.8956304
1085002,4.8205686
1085327,6.4815607
1085540,5.2817326
1085577,5.741103
1085585,6.0435457
1085618,6.48474
1085627,5.241527
1085635,6.6195264
1085647,5.738739
1085761,5.340075
1085908,5.2013106
1085922,3.1219664
1086119,6.738348
1086189,6.516697
1086285,5.9689164
1086309,5.1160884
1086666,5.9825344
1086784,7.3707676
1086792,7.0592794
1087040,6.5194693
1087172,5.753328
1087419,7.150347
1087455,8.296789
1087457,7.1255236
1087458,8.5311985
1087460,7.9989495
1087461,7.562509
1087465,8.314269
1087468,8.087868
1087470,8.388267
1087471,7.9283915
1087511,5.798249
1087512,6.586251
1087597,8.299541
1087600,8.164208
1087614,9.148557
1087617,8.087723
1087619,7.202813
1087650,8.705018
1087651,6.9997063
1087702,7.5932894
1087714,7.0169706
1087716,9.309807
1087717,6.957466
1087719,8.228582
1087721,8.4722395
1087722,9.208111
1087734,7.1678033
1087739,8.013266
1087743,7.0394077
1087746,7.794702
1087757,9.430873
1087759,5.068446
1087763,6.109002
1087768,4.7733746
1087776,8.124983
1087785,7.060767
1087867,5.0878673
1088031,6.5989676
1088054,6.889163
1088056,7.929646
1088101,5.1443696
1088422,3.4382224
1088627,5.7255735
1089263,8.775349
1089279,8.096213
1089519,6.442856
1089588,7.5643506
1089614,8.057033
1089644,8.138863
1089746,4.538548
1089755,5.129633
1089763,4.596006
1089809,4.390884
1089818,5.61893
1089821,4.3171244
1090009,4.7661266
1090267,4.4670568
1090321,5.0286045
1090699,5.117598
1090701,4.933393
1090702,4.7699914
1090703,4.9544363
1090704,4.4459534
1090706,4.6554875
1090707,5.6569767
1090708,4.4671416
1090710,4.9415245
1090711,4.639216
1090713,4.601379
1090714,4.8891087
1090716,4.6443243
1090723,5.0368757
1090898,4.083242
1091008,6.7213674
1091097,7.5434384
1091098,5.904363
1091104,5.215046
1091107,6.988623
1091236,8.026252
1091297,4.85457
1091298,4.551033
1091397,5.250243
1091401,4.186569
1091662,6.7988315
1091666,6.1597576
1091675,4.2532015
1091676,6.3468094
1091733,4.974802
1091818,6.111255
1091833,7.4637113
1091849,5.5039167
1091946,7.760607
1091950,7.654462
1091956,7.06586
1091962,7.714711
1091972,6.4799175
1091973,7.0214467
1091983,6.609169
1091988,7.306154
1091992,5.95026
1092004,6.890785
1092099,7.440468
1092101,7.412353
1092111,6.2331567
1092150,7.841272
1092273,6.511365
1092275,4.8087378
1092422,6.566797
1092885,5.731102
1093350,6.9270563
1093351,7.4029264
1093352,6.78592
1093353,6.9862814
1093579,6.6959243
1093634,5.98828
1093729,8.417366
1093739,5.908063
1094314,4.4600043
1094384,4.7699337
1094604,5.14431
1094609,4.764308
1094641,7.5156684
1094658,4.9494424
1094665,6.352175
1094666,5.8379207
1094680,6.126448
1094876,7.3941517
1095005,6.4411006
1095221,5.7330513
1095306,6.7688475
1095307,7.874839
498910,6.702546
655802,5.6252565
809684,6.7518644
962893,6.8515205
498312,5.6585174
498266,8.432943
423712,7.150866
497666,8.218235
1042976,7.308724
497410,4.842267
702962,5.686613
727942,6.639874
497455,7.1205115
497467,4.0965705
497473,4.914983
542725,6.337479
906291,5.677774
497636,5.2719135
405364,9.9934435
487437,4.794943
803471,5.913574
1118002,5.716865
498241,6.9315124
945076,5.6226997
992089,6.6345706
987664,5.827556
611681,7.4631615
697482,6.8069644
802224,5.882164
930343,6.635927
992940,7.284613
506045,6.1382804
1003005,6.0583224
979584,4.284858
871711,5.066031
423866,9.6646805
458044,6.122406
495677,8.408102
749359,6.2984242
821749,4.8557777
574899,7.24196
622956,7.6833158
785654,5.594994
734165,6.277361
743600,5.1342
493477,6.2073975
1116481,6.866069
448305,8.712841
440511,9.214232
493641,5.364772
493689,7.8830743
493738,7.3303237
963731,5.9811697
927860,6.5749803
614622,5.793182
493881,6.1538105
958953,7.3330865
451937,8.374129
1115866,5.342521
494045,6.355585
494059,6.2693877
899644,6.036778
494113,5.736734
901826,7.5915217
776291,6.4067655
769223,5.912598
1107153,6.639481
494186,7.373409
512560,5.3050976
831457,3.0493903
998545,5.1840625
1050009,5.388045
1084000,6.2759986
765307,7.5533795
972783,7.130233
865993,6.2969823
492470,5.422581
492550,7.3121004
1046754,7.224099
664022,6.8406873
588322,5.361782
492757,5.2305655
985261,4.8554797
1057162,7.075617
539657,3.3122475
426680,5.525597
493256,6.665587
661922,3.6592999
929243,7.8797774
1096231,5.5978055
987893,4.901326
899557,8.643122
707789,6.9063807
929425,7.1367593
1064951,6.6458054
493187,6.834781
693814,5.844024
493226,6.9331317
1089345,5.4471045
1039228,5.850303
858001,5.846843
1090101,4.2594824
424888,6.351946
547071,5.2277265
495077,7.574096
819588,5.5264826
495100,5.9634814
923671,5.6497197
495705,5.069024
1063431,5.135686
503785,8.88617
1019796,8.077117
455141,4.308828
979328,4.915803
1074991,7.2601013
1085505,4.870674
1071409,7.316676
1112157,6.21332
629289,5.2062125
502467,7.142568
495384,8.474929
495409,5.9037704
1073435,7.2731276
463187,7.011011
495468,4.7031136
495499,5.0628934
495516,6.5366282
495532,5.4060435
495639,6.1187987
410100,8.409743
495646,5.793689
901089,8.910014
685270,5.134893
495005,4.5408974
476747,7.596636
494557,6.45151
825232,6.092095
385883,4.683905
507660,9.1570635
719242,6.5502324
494317,5.57232
742018,6.5055094
494404,7.5885043
730857,8.131532
1066395,5.953704
494492,5.0291433
494495,5.9808683
737606,6.985004
494555,6.320051
